Date,PnL,NAV
2016-01-02,-756.29,999243.71
2016-01-03,-3997.83,995245.88
2016-01-04,4233.44,999479.32
2016-01-05,2780.5,1002259.82
2016-01-06,-563.02,1001696.8
2016-01-07,2385.35,1004082.15
2016-01-08,1356.22,1005438.37
2016-01-09,4399.19,1009837.56
2016-01-11,-5258.39,1004579.17
2016-01-12,771.53,1005350.7
2016-01-13,498.46,1005849.16
2016-01-14,5032.98,1010882.14
2016-01-15,2878.83,1013760.97
2016-01-17,0.0,1013760.97
2016-01-18,-338.56,1013422.41
2016-01-19,2533.75,1015956.16
2016-01-20,4347.66,1020303.82
2016-01-21,-3175.32,1017128.5
2016-01-22,6238.81,1023367.31
2016-01-25,500.92,1023868.23
2016-01-26,-1519.24,1022348.99
2016-01-27,1426.05,1023775.04
2016-01-28,27.13,1023802.17
2016-01-29,1931.1,1025733.27
2016-01-31,397.92,1026131.19
2016-02-02,492.11,1026623.3
2016-02-03,223.34,1026846.64
2016-02-05,835.98,1027682.62
2016-02-06,1235.19,1028917.8099999999
2016-02-08,67.57,1028985.38
2016-02-09,148.16,1029133.54
2016-02-11,1022.46,1030156.0
2016-02-12,903.36,1031059.36
2016-02-14,-683.29,1030376.07
2016-02-15,-1641.78,1028734.29
2016-02-16,1449.63,1030183.92
2016-02-17,152.29,1030336.21
2016-02-18,749.82,1031086.03
2016-02-19,1615.48,1032701.51
2016-02-21,-869.15,1031832.36
2016-02-22,572.25,1032404.61
2016-02-23,-4282.71,1028121.9
2016-02-24,-1537.27,1026584.63
2016-02-25,-1157.17,1025427.46
2016-02-26,-828.66,1024598.8
2016-02-28,3104.49,1027703.29
2016-02-29,253.4,1027956.69
2016-03-02,361.52,1028318.21
2016-03-03,-889.21,1027429.0
2016-03-04,48.26,1027477.26
2016-03-05,2506.78,1029984.04
2016-03-06,-4516.44,1025467.6
2016-03-07,337.11,1025804.71
2016-03-08,3411.44,1029216.15
2016-03-10,-2482.46,1026733.69
2016-03-11,1157.66,1027891.35
2016-03-14,-755.46,1027135.89
2016-03-15,344.16,1027480.05
2016-03-16,3109.48,1030589.53
2016-03-17,2869.56,1033459.09
2016-03-18,19.48,1033478.57
2016-03-20,982.19,1034460.76
2016-03-21,2371.21,1036831.97
2016-03-22,703.62,1037535.59
2016-03-23,3890.52,1041426.11
2016-03-24,797.59,1042223.7
2016-03-25,884.35,1043108.05
2016-03-27,29.27,1043137.32
2016-03-28,568.78,1043706.1
2016-03-29,1306.21,1045012.3099999999
2016-03-30,4428.7,1049441.01
2016-03-31,1443.12,1050884.13
2016-04-02,-1059.91,1049824.22
2016-04-03,2032.53,1051856.75
2016-04-04,1359.69,1053216.44
2016-04-05,-654.81,1052561.63
2016-04-07,-481.49,1052080.14
2016-04-08,924.08,1053004.22
2016-04-10,-3292.03,1049712.19
2016-04-11,455.81,1050168.0
2016-04-12,2009.31,1052177.31
2016-04-13,-1784.57,1050392.74
2016-04-14,736.49,1051129.23
2016-04-15,108.89,1051238.1199999999
2016-04-17,4312.86,1055550.98
2016-04-18,-651.36,1054899.6199999999
2016-04-19,2857.72,1057757.34
2016-04-20,1930.51,1059687.85
2016-04-21,102.03,1059789.88
2016-04-22,-2716.54,1057073.34
2016-04-25,239.85,1057313.19
2016-04-26,-1836.9,1055476.29
2016-04-27,5445.83,1060922.1199999999
2016-04-28,426.14,1061348.26
2016-04-29,-227.57,1061120.69
2016-05-01,8564.57,1069685.26
2016-05-02,-189.53,1069495.73
2016-05-04,2591.16,1072086.89
2016-05-05,-2179.6,1069907.29
2016-05-06,-923.94,1068983.35
2016-05-07,6929.63,1075912.98
2016-05-08,2008.95,1077921.93
2016-05-09,1525.39,1079447.32
2016-05-10,988.15,1080435.47
2016-05-12,2727.23,1083162.7
2016-05-13,193.0,1083355.7
2016-05-15,-7.08,1083348.6199999999
2016-05-16,240.41,1083589.03
2016-05-17,-244.99,1083344.04
2016-05-18,1136.2,1084480.24
2016-05-19,-418.65,1084061.5899999999
2016-05-20,172.67,1084234.26
2016-05-22,365.98,1084600.24
2016-05-23,569.12,1085169.3599999999
2016-05-24,4139.14,1089308.5
2016-05-25,613.38,1089921.88
2016-05-26,543.2,1090465.08
2016-05-27,207.59,1090672.67
2016-05-30,-1073.93,1089598.74
2016-05-31,1873.46,1091472.2
2016-06-01,-405.41,1091066.79
2016-06-03,281.7,1091348.49
2016-06-04,2521.51,1093870.0
2016-06-05,356.67,1094226.67
2016-06-06,48.41,1094275.08
2016-06-07,-2874.78,1091400.3
2016-06-09,422.04,1091822.3399999999
2016-06-10,2257.54,1094079.88
2016-06-11,536.64,1094616.52
2016-06-12,3758.42,1098374.94
2016-06-13,5149.06,1103524.0
2016-06-14,-20.98,1103503.02
2016-06-15,3027.36,1106530.38
2016-06-16,4751.59,1111281.97
2016-06-17,3561.5,1114843.47
2016-06-19,-4960.26,1109883.21
2016-06-20,1794.14,1111677.3499999999
2016-06-21,1504.11,1113181.46
2016-06-22,-834.31,1112347.15
2016-06-23,797.93,1113145.0799999998
2016-06-24,4458.52,1117603.5999999999
2016-06-26,-2750.51,1114853.0899999999
2016-06-27,-4170.0,1110683.0899999999
2016-06-28,456.64,1111139.73
2016-06-29,1602.24,1112741.97
2016-06-30,4295.41,1117037.38
2016-07-01,27.58,1117064.96
2016-07-03,0.0,1117064.96
2016-07-04,915.26,1117980.22
2016-07-06,984.54,1118964.76
2016-07-07,1879.14,1120843.9
2016-07-08,555.73,1121399.63
2016-07-09,-207.8,1121191.8299999998
2016-07-10,1631.79,1122823.6199999999
2016-07-11,-27.32,1122796.2999999998
2016-07-12,419.84,1123216.14
2016-07-13,3018.15,1126234.29
2016-07-14,1115.94,1127350.23
2016-07-15,-993.46,1126356.77
2016-07-18,683.33,1127040.0999999999
2016-07-19,650.78,1127690.88
2016-07-20,608.03,1128298.91
2016-07-21,-36.84,1128262.0699999998
2016-07-22,-1495.15,1126766.92
2016-07-24,420.31,1127187.23
2016-07-25,-1402.28,1125784.95
2016-07-26,1349.93,1127134.88
2016-07-27,504.44,1127639.3199999998
2016-07-28,-474.21,1127165.1099999999
2016-07-29,80.3,1127245.41
2016-07-31,600.84,1127846.25
2016-08-01,-1456.16,1126390.0899999999
2016-08-02,-846.89,1125543.2
2016-08-03,484.47,1126027.67
2016-08-04,-840.25,1125187.42
2016-08-05,0.0,1125187.42
2016-08-06,2788.22,1127975.64
2016-08-07,-242.79,1127732.8499999999
2016-08-08,861.57,1128594.42
2016-08-09,-6797.35,1121797.0699999998
2016-08-11,5742.64,1127539.71
2016-08-12,-654.47,1126885.24
2016-08-14,436.23,1127321.47
2016-08-15,5078.32,1132399.79
2016-08-16,2359.24,1134759.0299999998
2016-08-17,2680.59,1137439.6199999999
2016-08-18,164.61,1137604.23
2016-08-19,-2585.02,1135019.21
2016-08-22,1426.19,1136445.4
2016-08-23,138.73,1136584.13
2016-08-24,921.5,1137505.63
2016-08-25,918.24,1138423.8699999999
2016-08-26,4251.4,1142675.27
2016-08-29,101.56,1142776.8299999998
2016-08-30,333.08,1143109.91
2016-08-31,1380.87,1144490.7799999998
2016-09-02,2913.63,1147404.41
2016-09-03,3032.87,1150437.2799999998
2016-09-05,-78.18,1150359.0999999999
2016-09-06,-1405.75,1148953.3499999999
2016-09-08,851.58,1149804.93
2016-09-11,8156.65,1157961.5799999998
2016-09-12,2640.43,1160602.0099999998
2016-09-13,1110.13,1161712.14
2016-09-14,343.74,1162055.88
2016-09-15,-2167.2,1159888.68
2016-09-16,-4936.75,1154951.93
2016-09-18,-100.26,1154851.67
2016-09-19,1241.97,1156093.64
2016-09-20,1422.14,1157515.7799999998
2016-09-21,3602.31,1161118.0899999999
2016-09-22,-1144.45,1159973.64
2016-09-23,466.81,1160440.4499999997
2016-09-25,0.0,1160440.4499999997
2016-09-26,1097.47,1161537.92
2016-09-27,498.97,1162036.89
2016-09-28,-2.11,1162034.7799999998
2016-09-29,613.89,1162648.67
2016-09-30,-1259.52,1161389.15
2016-10-01,3225.07,1164614.22
2016-10-02,5113.37,1169727.5899999999
2016-10-03,1912.88,1171640.47
2016-10-05,883.07,1172523.5399999998
2016-10-06,-6.27,1172517.27
2016-10-08,552.91,1173070.18
2016-10-10,-3991.05,1169079.13
2016-10-11,496.27,1169575.4
2016-10-13,-3118.52,1166456.88
2016-10-17,30.61,1166487.49
2016-10-18,1967.0,1168454.49
2016-10-19,378.38,1168832.8699999999
2016-10-20,2098.3,1170931.17
2016-10-21,217.16,1171148.3299999998
2016-10-24,414.5,1171562.8299999998
2016-10-25,3602.2,1175165.0299999998
2016-10-26,-496.53,1174668.5
2016-10-27,-118.35,1174550.15
2016-10-28,-186.66,1174363.49
2016-10-31,-3768.02,1170595.47
2016-11-01,608.67,1171204.14
2016-11-02,9775.43,1180979.5699999998
2016-11-04,-1235.71,1179743.8599999999
2016-11-07,3695.24,1183439.0999999999
2016-11-08,-586.07,1182853.0299999998
2016-11-10,4318.09,1187171.1199999999
2016-11-11,-1898.39,1185272.73
2016-11-12,348.78,1185621.5099999998
2016-11-14,1213.98,1186835.49
2016-11-15,-1484.26,1185351.23
2016-11-16,-213.79,1185137.44
2016-11-17,-180.3,1184957.14
2016-11-18,178.68,1185135.8199999998
2016-11-21,-1657.97,1183477.8499999999
2016-11-22,1852.64,1185330.49
2016-11-23,1628.79,1186959.2799999998
2016-11-24,370.82,1187330.0999999999
2016-11-25,377.61,1187707.71
2016-11-27,-342.03,1187365.68
2016-11-28,59.07,1187424.75
2016-11-29,319.0,1187743.75
2016-11-30,-1163.43,1186580.3199999998
2016-12-01,1614.76,1188195.0799999998
2016-12-02,1118.6,1189313.68
2016-12-04,-2302.21,1187011.47
2016-12-05,-154.39,1186857.0799999998
2016-12-06,19.24,1186876.3199999998
2016-12-07,1882.86,1188759.18
2016-12-08,1749.32,1190508.5
2016-12-09,694.79,1191203.29
2016-12-10,2728.52,1193931.8099999998
2016-12-12,-110.09,1193821.72
2016-12-13,1014.63,1194836.3499999999
2016-12-14,-336.72,1194499.63
2016-12-15,-1642.21,1192857.42
2016-12-16,-1073.57,1191783.8499999999
2016-12-18,303.17,1192087.02
2016-12-19,-192.99,1191894.03
2016-12-20,731.31,1192625.3399999999
2016-12-21,584.39,1193209.73
2016-12-22,-1555.04,1191654.69
2016-12-23,-2012.85,1189641.8399999999
2016-12-27,1267.19,1190909.03
2016-12-28,1571.1,1192480.13
2016-12-29,1862.83,1194342.96
2016-12-30,-322.57,1194020.39
2017-01-02,447.93,1194468.3199999998
2017-01-03,-1573.09,1192895.23
2017-01-05,2989.3,1195884.5299999998
2017-01-06,-1100.02,1194784.51
2017-01-08,0.0,1194784.51
2017-01-09,481.56,1195266.0699999998
2017-01-11,3969.66,1199235.73
2017-01-12,-2424.72,1196811.01
2017-01-13,1842.53,1198653.54
2017-01-15,4190.16,1202843.7
2017-01-16,-1882.24,1200961.46
2017-01-17,-2771.76,1198189.7
2017-01-18,86.07,1198275.77
2017-01-19,3045.33,1201321.0999999999
2017-01-20,-225.21,1201095.89
2017-01-22,449.12,1201545.01
2017-01-23,566.69,1202111.7
2017-01-24,-1231.1,1200880.5999999999
2017-01-25,2558.33,1203438.93
2017-01-26,101.46,1203540.39
2017-01-27,-866.64,1202673.75
2017-01-29,619.52,1203293.2699999998
2017-01-30,1545.96,1204839.23
2017-01-31,11089.94,1215929.17
2017-02-01,-331.27,1215597.9
2017-02-02,3231.48,1218829.38
2017-02-03,-3492.75,1215336.63
2017-02-05,-219.11,1215117.52
2017-02-06,-2185.5,1212932.02
2017-02-08,846.83,1213778.8499999999
2017-02-10,975.23,1214754.0799999998
2017-02-11,-546.69,1214207.39
2017-02-13,1456.42,1215663.8099999998
2017-02-14,250.9,1215914.71
2017-02-15,935.64,1216850.3499999999
2017-02-16,-279.16,1216571.19
2017-02-17,2322.34,1218893.5299999998
2017-02-19,-492.66,1218400.8699999999
2017-02-20,465.26,1218866.13
2017-02-21,2640.25,1221506.38
2017-02-22,533.05,1222039.43
2017-02-23,1304.12,1223343.5499999998
2017-02-24,422.23,1223765.7799999998
2017-02-26,-2653.21,1221112.5699999998
2017-02-27,-186.21,1220926.3599999999
2017-02-28,-1441.48,1219484.88
2017-03-01,-1259.07,1218225.8099999998
2017-03-02,-741.52,1217484.29
2017-03-03,-80.61,1217403.68
2017-03-04,-1021.88,1216381.7999999998
2017-03-05,-2525.27,1213856.53
2017-03-07,2108.99,1215965.52
2017-03-08,832.23,1216797.75
2017-03-09,713.31,1217511.06
2017-03-10,-632.81,1216878.25
2017-03-11,3244.31,1220122.56
2017-03-12,0.0,1220122.56
2017-03-13,228.5,1220351.06
2017-03-14,413.52,1220764.5799999998
2017-03-15,2361.16,1223125.74
2017-03-16,-2329.27,1220796.47
2017-03-17,-897.01,1219899.46
2017-03-20,-98.07,1219801.39
2017-03-21,1725.06,1221526.45
2017-03-22,400.17,1221926.6199999999
2017-03-23,1564.0,1223490.6199999999
2017-03-24,331.85,1223822.47
2017-03-26,34.02,1223856.49
2017-03-27,544.69,1224401.18
2017-03-28,714.19,1225115.3699999999
2017-03-29,-305.34,1224810.03
2017-03-30,-1827.31,1222982.72
2017-03-31,-2344.07,1220638.65
2017-04-01,-184.97,1220453.68
2017-04-04,-2630.14,1217823.54
2017-04-05,1623.3,1219446.8399999999
2017-04-06,266.88,1219713.72
2017-04-07,-153.66,1219560.0599999998
2017-04-08,-4816.47,1214743.5899999999
2017-04-09,1332.39,1216075.98
2017-04-10,-193.96,1215882.02
2017-04-12,-429.06,1215452.96
2017-04-13,1407.71,1216860.67
2017-04-14,-137.2,1216723.47
2017-04-16,-28.45,1216695.02
2017-04-17,1953.27,1218648.2899999998
2017-04-18,3746.35,1222394.64
2017-04-19,-968.84,1221425.7999999998
2017-04-20,3396.68,1224822.48
2017-04-21,-537.5,1224284.98
2017-04-23,-5961.95,1218323.0299999998
2017-04-25,-549.14,1217773.89
2017-04-26,2430.18,1220204.0699999998
2017-04-27,1479.49,1221683.5599999998
2017-04-28,1063.86,1222747.42
2017-04-30,-550.84,1222196.5799999998
2017-05-01,183.7,1222380.2799999998
2017-05-04,1274.39,1223654.67
2017-05-05,837.64,1224492.3099999998
2017-05-06,950.08,1225442.39
2017-05-07,447.65,1225890.0399999998
2017-05-09,-353.62,1225536.42
2017-05-10,3195.72,1228732.14
2017-05-12,355.81,1229087.95
2017-05-15,1925.81,1231013.7599999998
2017-05-16,-1272.78,1229740.98
2017-05-17,1294.75,1231035.73
2017-05-18,519.54,1231555.2699999998
2017-05-19,973.02,1232528.2899999998
2017-05-21,1157.24,1233685.5299999998
2017-05-22,-2900.36,1230785.17
2017-05-23,740.08,1231525.2499999998
2017-05-24,85.62,1231610.8699999999
2017-05-25,-832.17,1230778.6999999997
2017-05-26,-1258.56,1229520.14
2017-05-28,227.29,1229747.43
2017-05-29,256.25,1230003.68
2017-05-30,1499.47,1231503.15
2017-05-31,-815.98,1230687.17
2017-06-01,3268.81,1233955.9799999997
2017-06-02,-880.33,1233075.65
2017-06-03,1176.7,1234252.3499999999
2017-06-04,1048.32,1235300.67
2017-06-06,-772.5,1234528.17
2017-06-07,841.25,1235369.42
2017-06-09,4927.41,1240296.8299999998
2017-06-10,1794.43,1242091.2599999998
2017-06-11,1299.68,1243390.94
2017-06-12,-689.83,1242701.1099999999
2017-06-13,635.21,1243336.3199999998
2017-06-14,-1272.91,1242063.41
2017-06-15,41.49,1242104.9
2017-06-16,-97.69,1242007.21
2017-06-18,943.65,1242950.8599999999
2017-06-19,1023.46,1243974.3199999998
2017-06-20,1739.92,1245714.2399999998
2017-06-21,2014.46,1247728.6999999997
2017-06-22,938.1,1248666.7999999998
2017-06-23,-444.56,1248222.2399999998
2017-06-26,347.16,1248569.4
2017-06-27,-1836.62,1246732.7799999998
2017-06-28,1561.94,1248294.7199999997
2017-06-29,-103.87,1248190.8499999999
2017-06-30,560.32,1248751.17
2017-07-02,1019.41,1249770.5799999998
2017-07-03,22.2,1249792.7799999998
2017-07-04,953.73,1250746.5099999998
2017-07-06,1278.37,1252024.88
2017-07-07,-2186.99,1249837.89
2017-07-08,429.61,1250267.5
2017-07-09,1813.53,1252081.0299999998
2017-07-11,-1432.6,1250648.43
2017-07-12,242.63,1250891.0599999998
2017-07-13,-225.52,1250665.5399999998
2017-07-14,1402.36,1252067.9
2017-07-16,182.57,1252250.47
2017-07-17,970.62,1253221.0899999999
2017-07-18,150.16,1253371.25
2017-07-19,-406.63,1252964.6199999999
2017-07-20,-2584.32,1250380.2999999998
2017-07-21,223.67,1250603.97
2017-07-24,-83.91,1250520.0599999998
2017-07-25,-1451.53,1249068.5299999998
2017-07-26,4972.88,1254041.41
2017-07-27,-269.96,1253771.45
2017-07-28,3353.52,1257124.97
2017-07-31,-77.55,1257047.42
2017-08-01,140.15,1257187.5699999998
2017-08-02,-1170.67,1256016.9
2017-08-03,3641.05,1259657.95
2017-08-05,1150.05,1260807.9999999998
2017-08-06,3168.26,1263976.2599999998
2017-08-08,-1308.92,1262667.3399999999
2017-08-09,413.5,1263080.8399999999
2017-08-10,728.33,1263809.17
2017-08-11,433.7,1264242.8699999999
2017-08-12,192.46,1264435.3299999998
2017-08-13,0.0,1264435.3299999998
2017-08-14,219.4,1264654.73
2017-08-15,-2288.07,1262366.66
2017-08-16,934.7,1263301.3599999999
2017-08-17,2098.86,1265400.22
2017-08-18,-804.34,1264595.88
2017-08-21,-41.93,1264553.95
2017-08-22,-675.37,1263878.5799999998
2017-08-23,1858.59,1265737.17
2017-08-24,1102.99,1266840.16
2017-08-25,-63.04,1266777.1199999999
2017-08-27,-2323.55,1264453.5699999998
2017-08-28,329.21,1264782.78
2017-08-29,4403.88,1269186.66
2017-08-30,1154.15,1270340.81
2017-08-31,790.85,1271131.66
2017-09-01,-324.67,1270806.99
2017-09-02,-259.1,1270547.8900000001
2017-09-03,3910.71,1274458.6
2017-09-04,807.44,1275266.04
2017-09-05,-190.81,1275075.23
2017-09-06,718.16,1275793.3900000001
2017-09-07,423.24,1276216.63
2017-09-08,295.49,1276512.12
2017-09-10,539.76,1277051.88
2017-09-11,331.32,1277383.2
2017-09-13,2197.8,1279581.0
2017-09-14,3102.29,1282683.29
2017-09-15,4032.65,1286715.94
2017-09-18,489.03,1287204.97
2017-09-19,1549.21,1288754.1800000002
2017-09-20,7120.16,1295874.34
2017-09-21,-1097.74,1294776.6
2017-09-22,805.94,1295582.54
2017-09-24,-1666.32,1293916.22
2017-09-25,-536.74,1293379.48
2017-09-26,870.1,1294249.58
2017-09-27,748.46,1294998.04
2017-09-28,968.96,1295967.0
2017-09-29,2704.71,1298671.71
2017-10-01,-1268.78,1297402.9300000002
2017-10-02,660.74,1298063.67
2017-10-03,-656.09,1297407.58
2017-10-04,437.83,1297845.4100000001
2017-10-05,2232.65,1300078.06
2017-10-07,-355.14,1299722.92
2017-10-08,2390.14,1302113.06
2017-10-09,0.0,1302113.06
2017-10-10,-1414.85,1300698.21
2017-10-11,-2352.25,1298345.96
2017-10-12,-390.76,1297955.2000000002
2017-10-13,4816.3,1302771.5
2017-10-16,-974.32,1301797.1800000002
2017-10-17,-50.05,1301747.1300000001
2017-10-18,-1542.58,1300204.55
2017-10-19,208.23,1300412.78
2017-10-20,391.41,1300804.19
2017-10-23,1204.23,1302008.42
2017-10-24,-3575.33,1298433.0899999999
2017-10-25,3991.49,1302424.58
2017-10-26,-111.48,1302313.1
2017-10-27,4447.17,1306760.27
2017-10-29,298.16,1307058.43
2017-10-30,901.58,1307960.01
2017-10-31,1797.83,1309757.8399999999
2017-11-01,-1937.8,1307820.04
2017-11-04,1594.5,1309414.54
2017-11-05,57.66,1309472.2
2017-11-06,323.37,1309795.5699999998
2017-11-07,-828.8,1308966.77
2017-11-08,-1627.07,1307339.7
2017-11-09,-2059.82,1305279.88
2017-11-10,-1070.75,1304209.13
2017-11-12,-3586.17,1300622.96
2017-11-13,940.2,1301563.16
2017-11-14,-377.8,1301185.3599999999
2017-11-15,5651.6,1306836.96
2017-11-16,-453.02,1306383.94
2017-11-17,8591.27,1314975.21
2017-11-19,0.0,1314975.21
2017-11-20,920.01,1315895.22
2017-11-21,146.15,1316041.37
2017-11-22,832.02,1316873.3900000001
2017-11-23,-350.77,1316522.62
2017-11-24,880.73,1317403.35
2017-11-26,719.38,1318122.73
2017-11-27,-386.97,1317735.76
2017-11-28,932.84,1318668.6
2017-11-29,-2599.92,1316068.6800000002
2017-11-30,3504.33,1319573.01
2017-12-01,-680.23,1318892.78
2017-12-02,212.66,1319105.44
2017-12-04,-1647.46,1317457.98
2017-12-05,1121.22,1318579.2
2017-12-06,-626.81,1317952.3900000001
2017-12-07,-3394.2,1314558.19
2017-12-09,-354.75,1314203.44
2017-12-10,1574.67,1315778.1099999999
2017-12-11,-1746.07,1314032.04
2017-12-12,-1053.07,1312978.97
2017-12-13,1057.81,1314036.78
2017-12-14,3703.8,1317740.58
2017-12-15,1072.27,1318812.85
2017-12-17,905.46,1319718.31
2017-12-18,120.86,1319839.17
2017-12-19,-125.51,1319713.66
2017-12-20,-829.83,1318883.83
2017-12-21,-2366.13,1316517.7
2017-12-22,805.61,1317323.31
2017-12-25,-3.58,1317319.73
2017-12-26,298.27,1317618.0
2017-12-27,-512.19,1317105.81
2017-12-28,-270.66,1316835.15
2017-12-29,819.42,1317654.5699999998
2018-01-01,272.1,1317926.67
2018-01-02,-5476.54,1312450.13
2018-01-03,108.67,1312558.7999999998
2018-01-04,553.84,1313112.64
2018-01-05,-856.04,1312256.6
2018-01-06,-3542.95,1308713.65
2018-01-08,190.53,1308904.18
2018-01-10,1179.1,1310083.28
2018-01-11,-621.66,1309461.62
2018-01-14,982.37,1310443.99
2018-01-15,1968.63,1312412.62
2018-01-16,1521.69,1313934.31
2018-01-17,1666.75,1315601.06
2018-01-18,1388.64,1316989.7
2018-01-19,-161.49,1316828.21
2018-01-21,124.06,1316952.27
2018-01-22,209.01,1317161.28
2018-01-23,-884.09,1316277.19
2018-01-24,-1102.21,1315174.98
2018-01-25,1387.25,1316562.23
2018-01-26,823.87,1317386.1
2018-01-29,1440.67,1318826.77
2018-01-30,157.58,1318984.35
2018-01-31,1840.86,1320825.21
2018-02-01,3022.58,1323847.79
2018-02-02,84.5,1323932.29
2018-02-03,151.0,1324083.29
2018-02-04,789.1,1324872.39
2018-02-05,-115.37,1324757.02
2018-02-07,2018.11,1326775.13
2018-02-08,167.87,1326943.0
2018-02-10,-3647.42,1323295.58
2018-02-11,1046.57,1324342.15
2018-02-12,564.83,1324906.98
2018-02-13,163.66,1325070.64
2018-02-14,5553.44,1330624.08
2018-02-15,4125.86,1334749.94
2018-02-16,-1727.56,1333022.38
2018-02-19,-244.38,1332778.0
2018-02-20,-614.17,1332163.83
2018-02-21,1129.7,1333293.53
2018-02-22,-591.64,1332701.89
2018-02-23,1614.72,1334316.6099999999
2018-02-25,140.61,1334457.22
2018-02-26,-921.84,1333535.38
2018-02-27,-1307.35,1332228.0299999998
2018-02-28,-509.32,1331718.71
2018-03-01,387.07,1332105.7799999998
2018-03-04,-2689.52,1329416.2599999998
2018-03-05,593.93,1330010.19
2018-03-07,-340.71,1329669.48
2018-03-08,1045.99,1330715.4699999997
2018-03-09,540.34,1331255.8099999998
2018-03-10,2358.03,1333613.8399999999
2018-03-12,2695.03,1336308.8699999999
2018-03-13,5158.87,1341467.74
2018-03-14,2399.24,1343866.98
2018-03-15,-2632.1,1341234.88
2018-03-16,597.1,1341831.98
2018-03-18,635.73,1342467.71
2018-03-19,470.5,1342938.21
2018-03-20,1946.05,1344884.2599999998
2018-03-21,3548.22,1348432.48
2018-03-22,2999.59,1351432.0699999998
2018-03-23,1438.0,1352870.0699999998
2018-03-25,230.33,1353100.4
2018-03-26,555.28,1353655.68
2018-03-27,215.34,1353871.02
2018-03-28,688.54,1354559.56
2018-03-29,-99.62,1354459.94
2018-03-30,785.92,1355245.8599999999
2018-04-01,-241.7,1355004.16
2018-04-02,747.39,1355751.5499999998
2018-04-03,1276.73,1357028.2799999998
2018-04-04,1490.48,1358518.7599999998
2018-04-05,920.12,1359438.88
2018-04-06,6576.95,1366015.8299999998
2018-04-07,-2.83,1366013.0
2018-04-09,3761.7,1369774.7
2018-04-10,7846.97,1377621.67
2018-04-11,151.57,1377773.2399999998
2018-04-12,620.22,1378393.46
2018-04-13,-109.83,1378283.63
2018-04-15,225.3,1378508.9299999997
2018-04-16,121.45,1378630.38
2018-04-17,4469.48,1383099.8599999999
2018-04-18,610.15,1383710.0099999998
2018-04-19,-3650.96,1380059.0499999998
2018-04-20,-602.68,1379456.3699999999
2018-04-22,334.5,1379790.8699999999
2018-04-23,-2786.47,1377004.4
2018-04-24,524.83,1377529.23
2018-04-25,-1812.8,1375716.43
2018-04-26,1611.86,1377328.2899999998
2018-04-27,719.15,1378047.44
2018-04-30,141.69,1378189.13
2018-05-01,-502.29,1377686.8399999999
2018-05-02,232.02,1377918.8599999999
2018-05-03,-3832.48,1374086.38
2018-05-04,786.32,1374872.7
2018-05-06,766.78,1375639.48
2018-05-07,2933.76,1378573.24
2018-05-09,841.22,1379414.46
2018-05-10,354.82,1379769.28
2018-05-11,4103.08,1383872.3599999999
2018-05-12,-4895.56,1378976.8
2018-05-13,1568.33,1380545.13
2018-05-14,-763.41,1379781.72
2018-05-15,1123.18,1380904.9
2018-05-16,-628.92,1380275.98
2018-05-17,3850.78,1384126.76
2018-05-18,-634.7,1383492.06
2018-05-20,-2073.87,1381418.19
2018-05-21,348.44,1381766.6300000001
2018-05-22,-1787.61,1379979.02
2018-05-23,728.86,1380707.8800000001
2018-05-24,311.92,1381019.8
2018-05-25,307.1,1381326.9
2018-05-27,3479.17,1384806.07
2018-05-28,434.85,1385240.92
2018-05-29,-271.63,1384969.29
2018-05-30,-625.2,1384344.0899999999
2018-05-31,327.41,1384671.5
2018-06-02,-816.4,1383855.0999999999
2018-06-03,886.99,1384742.0899999999
2018-06-04,2747.77,1387489.8599999999
2018-06-05,-9.73,1387480.13
2018-06-06,329.24,1387809.3699999999
2018-06-07,1434.49,1389243.8599999999
2018-06-08,477.93,1389721.79
2018-06-09,-473.38,1389248.41
2018-06-11,6024.19,1395272.5999999999
2018-06-12,-929.87,1394342.73
2018-06-13,993.91,1395336.64
2018-06-14,3710.87,1399047.5099999998
2018-06-15,595.89,1399643.4
2018-06-18,-305.04,1399338.3599999999
2018-06-19,2251.58,1401589.94
2018-06-20,1232.76,1402822.7
2018-06-21,1607.13,1404429.83
2018-06-22,2627.31,1407057.14
2018-06-24,-59.71,1406997.43
2018-06-25,623.08,1407620.51
2018-06-26,1470.92,1409091.43
2018-06-27,-1081.73,1408009.7
2018-06-28,-5636.14,1402373.56
2018-06-29,-2031.94,1400341.6199999999
2018-07-01,869.34,1401210.96
2018-07-02,436.69,1401647.65
2018-07-03,254.68,1401902.33
2018-07-05,-1162.95,1400739.38
2018-07-06,562.09,1401301.47
2018-07-08,1722.32,1403023.79
2018-07-09,2278.54,1405302.33
2018-07-10,-251.73,1405050.6
2018-07-11,794.18,1405844.78
2018-07-12,686.82,1406531.6
2018-07-13,-288.23,1406243.37
2018-07-16,132.7,1406376.07
2018-07-17,461.38,1406837.45
2018-07-18,4580.71,1411418.1600000001
2018-07-19,3901.79,1415319.95
2018-07-20,1281.53,1416601.48
2018-07-23,1581.69,1418183.17
2018-07-24,587.4,1418770.57
2018-07-25,748.23,1419518.8
2018-07-26,-2570.89,1416947.9100000001
2018-07-27,500.8,1417448.71
2018-07-29,201.14,1417649.85
2018-07-30,-404.35,1417245.5
2018-07-31,1192.31,1418437.81
2018-08-01,1506.62,1419944.4300000002
2018-08-02,-13.96,1419930.47
2018-08-03,363.09,1420293.56
2018-08-04,-134.5,1420159.06
2018-08-05,119.87,1420278.9300000002
2018-08-06,-448.89,1419830.04
2018-08-07,2391.83,1422221.87
2018-08-08,-3881.91,1418339.96
2018-08-10,11.76,1418351.7200000002
2018-08-11,-762.8,1417588.9200000002
2018-08-13,189.97,1417778.8900000001
2018-08-15,-1229.13,1416549.76
2018-08-16,-548.33,1416001.4300000002
2018-08-17,1447.64,1417449.07
2018-08-19,-41.33,1417407.74
2018-08-20,1169.33,1418577.07
2018-08-21,31.99,1418609.06
2018-08-22,1542.11,1420151.17
2018-08-23,-217.66,1419933.51
2018-08-24,828.68,1420762.19
2018-08-27,1009.34,1421771.53
2018-08-28,3393.76,1425165.29
2018-08-29,-8128.17,1417037.12
2018-08-30,393.15,1417430.27
2018-08-31,783.1,1418213.37
2018-09-01,-2045.97,1416167.4000000001
2018-09-02,-734.76,1415432.6400000001
2018-09-03,722.92,1416155.56
2018-09-04,1508.88,1417664.4400000002
2018-09-05,-2073.41,1415591.0300000003
2018-09-07,1953.36,1417544.3900000001
2018-09-08,-5131.48,1412412.9100000001
2018-09-10,1283.34,1413696.2500000002
2018-09-11,782.08,1414478.33
2018-09-12,-524.24,1413954.0900000003
2018-09-13,1774.27,1415728.3600000003
2018-09-14,1694.87,1417423.2300000002
2018-09-17,2855.37,1420278.6
2018-09-18,132.21,1420410.8100000003
2018-09-19,-576.43,1419834.3800000004
2018-09-20,1881.25,1421715.6300000004
2018-09-21,796.88,1422512.5100000002
2018-09-24,776.37,1423288.8800000004
2018-09-25,3795.25,1427084.1300000004
2018-09-26,3857.09,1430941.2200000002
2018-09-27,-847.07,1430094.1500000004
2018-09-28,198.04,1430292.1900000002
2018-10-01,469.88,1430762.0700000003
2018-10-04,-106.05,1430656.0200000003
2018-10-05,984.3,1431640.3200000003
2018-10-06,128.13,1431768.4500000002
2018-10-07,-1620.91,1430147.5400000003
2018-10-08,-1040.07,1429107.4700000002
2018-10-09,96.47,1429203.9400000002
2018-10-10,5320.61,1434524.5500000003
2018-10-12,2668.31,1437192.8600000003
2018-10-14,614.89,1437807.7500000002
2018-10-15,198.65,1438006.4000000004
2018-10-16,195.79,1438202.1900000002
2018-10-17,1185.05,1439387.2400000002
2018-10-18,1710.27,1441097.5100000002
2018-10-19,-51.05,1441046.4600000002
2018-10-21,254.15,1441300.6100000003
2018-10-22,-1003.05,1440297.5600000003
2018-10-23,966.02,1441263.5800000003
2018-10-24,4810.78,1446074.3600000003
2018-10-25,587.35,1446661.7100000004
2018-10-26,7323.81,1453985.5200000003
2018-10-29,-107.43,1453878.0900000003
2018-10-30,-1744.3,1452133.7900000003
2018-10-31,-1760.82,1450372.9700000002
2018-11-01,-3541.51,1446831.4600000004
2018-11-04,97.41,1446928.8700000003
2018-11-05,-2234.6,1444694.2700000003
2018-11-06,2221.7,1446915.9700000002
2018-11-07,-642.25,1446273.7200000002
2018-11-09,-1470.22,1444803.5000000005
2018-11-10,-1501.46,1443302.0400000003
2018-11-12,431.35,1443733.3900000004
2018-11-13,-454.46,1443278.9300000002
2018-11-14,838.18,1444117.1100000003
2018-11-15,844.34,1444961.4500000002
2018-11-16,726.63,1445688.0800000003
2018-11-19,-881.55,1444806.5300000003
2018-11-20,1569.27,1446375.8000000003
2018-11-21,1114.06,1447489.8600000003
2018-11-22,509.75,1447999.6100000003
2018-11-23,-575.63,1447423.9800000004
2018-11-25,399.38,1447823.3600000003
2018-11-26,-1679.05,1446144.3100000003
2018-11-27,-1730.72,1444413.5900000003
2018-11-28,3132.36,1447545.9500000004
2018-11-29,-1440.57,1446105.3800000004
2018-12-01,-4122.44,1441982.9400000004
2018-12-03,668.24,1442651.1800000004
2018-12-04,-699.01,1441952.1700000004
2018-12-06,-1562.44,1440389.7300000004
2018-12-07,770.04,1441159.7700000003
2018-12-08,-131.3,1441028.4700000002
2018-12-09,2075.28,1443103.7500000005
2018-12-10,1120.27,1444224.0200000005
2018-12-11,1384.21,1445608.2300000004
2018-12-12,602.83,1446211.0600000005
2018-12-13,847.36,1447058.4200000004
2018-12-14,-968.78,1446089.6400000004
2018-12-16,1224.59,1447314.2300000004
2018-12-17,946.95,1448261.1800000004
2018-12-18,0.0,1448261.1800000004
2018-12-19,-3431.03,1444830.1500000004
2018-12-20,1028.78,1445858.9300000004
2018-12-21,395.58,1446254.5100000005
2018-12-23,1038.03,1447292.5400000005
2018-12-24,1471.52,1448764.0600000005
2018-12-25,354.77,1449118.8300000005
2018-12-26,3475.66,1452594.4900000005
2018-12-27,-1031.22,1451563.2700000005
2018-12-28,2639.95,1454203.2200000004
2018-12-30,211.46,1454414.6800000006
2018-12-31,2485.04,1456899.7200000004
2019-01-01,-2841.42,1454058.3000000005
2019-01-02,-301.24,1453757.0600000005
2019-01-03,-586.12,1453170.9400000004
2019-01-04,-1466.67,1451704.2700000005
2019-01-05,4551.57,1456255.8400000005
2019-01-07,-2071.76,1454184.0800000005
2019-01-08,-7487.44,1446696.6400000006
2019-01-09,955.18,1447651.8200000005
2019-01-10,3707.96,1451359.7800000005
2019-01-11,1041.93,1452401.7100000004
2019-01-12,-1189.72,1451211.9900000007
2019-01-13,804.4,1452016.3900000006
2019-01-14,-540.93,1451475.4600000007
2019-01-15,3082.27,1454557.7300000007
2019-01-16,-4687.95,1449869.7800000007
2019-01-17,-3256.2,1446613.5800000005
2019-01-18,221.99,1446835.5700000005
2019-01-20,203.87,1447039.4400000006
2019-01-21,704.23,1447743.6700000006
2019-01-22,-1119.32,1446624.3500000006
2019-01-23,-358.1,1446266.2500000005
2019-01-24,2988.06,1449254.3100000005
2019-01-25,-1048.78,1448205.5300000005
2019-01-28,946.17,1449151.7000000007
2019-01-29,-1030.77,1448120.9300000006
2019-01-30,0.0,1448120.9300000006
2019-01-31,1127.63,1449248.5600000005
2019-02-01,11806.05,1461054.6100000006
2019-02-04,-1066.39,1459988.2200000004
2019-02-05,178.7,1460166.9200000004
2019-02-07,657.25,1460824.1700000004
2019-02-09,5266.43,1466090.6000000006
2019-02-10,-3574.17,1462516.4300000006
2019-02-12,-1980.15,1460536.2800000005
2019-02-13,1783.0,1462319.2800000005
2019-02-14,2364.72,1464684.0000000005
2019-02-15,644.86,1465328.8600000003
2019-02-17,858.46,1466187.3200000005
2019-02-18,-925.35,1465261.9700000004
2019-02-19,660.21,1465922.1800000006
2019-02-20,4387.1,1470309.2800000005
2019-02-21,2032.91,1472342.1900000004
2019-02-22,-1439.54,1470902.6500000004
2019-02-25,1009.34,1471911.9900000005
2019-02-26,6375.44,1478287.4300000006
2019-02-27,4408.87,1482696.3000000005
2019-02-28,-271.52,1482424.7800000005
2019-03-01,842.16,1483266.9400000004
2019-03-02,374.16,1483641.1000000006
2019-03-04,1179.98,1484821.0800000005
2019-03-05,2128.7,1486949.7800000005
2019-03-06,-3470.89,1483478.8900000004
2019-03-07,802.37,1484281.2600000005
2019-03-09,998.09,1485279.3500000006
2019-03-10,-2579.77,1482699.5800000005
2019-03-11,-3439.05,1479260.5300000005
2019-03-12,-847.36,1478413.1700000004
2019-03-13,495.67,1478908.8400000003
2019-03-14,-255.79,1478653.0500000005
2019-03-15,1304.52,1479957.5700000005
2019-03-17,471.58,1480429.1500000004
2019-03-18,-1160.24,1479268.9100000006
2019-03-19,1459.76,1480728.6700000004
2019-03-20,4189.18,1484917.8500000006
2019-03-21,2203.0,1487120.8500000006
2019-03-22,-280.97,1486839.8800000006
2019-03-24,1049.79,1487889.6700000004
2019-03-25,194.02,1488083.6900000004
2019-03-26,-3158.25,1484925.4400000004
2019-03-27,2693.12,1487618.5600000005
2019-03-28,2116.41,1489734.9700000004
2019-03-29,-1989.78,1487745.1900000004
2019-03-31,371.88,1488117.0700000005
2019-04-01,-1371.28,1486745.7900000005
2019-04-02,3264.48,1490010.2700000005
2019-04-03,1398.9,1491409.1700000004
2019-04-04,361.58,1491770.7500000005
2019-04-06,895.0,1492665.7500000005
2019-04-07,-1325.71,1491340.0400000005
2019-04-08,-638.45,1490701.5900000003
2019-04-09,-4630.28,1486071.3100000005
2019-04-10,-646.48,1485424.8300000005
2019-04-11,-752.83,1484672.0000000005
2019-04-12,-1654.33,1483017.6700000004
2019-04-15,2089.03,1485106.7000000004
2019-04-16,3119.79,1488226.4900000005
2019-04-17,446.76,1488673.2500000005
2019-04-18,-2662.81,1486010.4400000004
2019-04-19,-175.44,1485835.0000000005
2019-04-21,-296.18,1485538.8200000003
2019-04-23,60.23,1485599.0500000003
2019-04-24,-855.4,1484743.6500000004
2019-04-25,-635.1,1484108.5500000003
2019-04-26,-52.01,1484056.5400000005
2019-04-28,575.15,1484631.6900000004
2019-04-29,1102.21,1485733.9000000004
2019-04-30,-528.62,1485205.2800000005
2019-05-02,-3318.66,1481886.6200000006
2019-05-03,626.92,1482513.5400000005
2019-05-04,1040.19,1483553.7300000004
2019-05-05,532.67,1484086.4000000004
2019-05-06,-268.38,1483818.0200000005
2019-05-07,1217.32,1485035.3400000003
2019-05-08,1517.37,1486552.7100000004
2019-05-09,-3281.03,1483271.6800000004
2019-05-11,2141.05,1485412.7300000004
2019-05-12,-232.97,1485179.7600000005
2019-05-13,54.93,1485234.6900000004
2019-05-14,1301.4,1486536.0900000003
2019-05-15,-3480.91,1483055.1800000004
2019-05-16,1518.96,1484574.1400000006
2019-05-17,1036.8,1485610.9400000004
2019-05-19,1292.04,1486902.9800000004
2019-05-20,404.5,1487307.4800000004
2019-05-21,-1319.95,1485987.5300000005
2019-05-22,13.02,1486000.5500000005
2019-05-23,1062.22,1487062.7700000005
2019-05-24,995.59,1488058.3600000003
2019-05-27,575.65,1488634.0100000005
2019-05-28,1212.49,1489846.5000000005
2019-05-29,1251.28,1491097.7800000005
2019-05-30,2265.31,1493363.0900000005
2019-05-31,-35.61,1493327.4800000004
2019-06-01,405.1,1493732.5800000005
2019-06-02,-2482.82,1491249.7600000005
2019-06-03,1200.47,1492450.2300000004
2019-06-05,310.02,1492760.2500000005
2019-06-08,-30.68,1492729.5700000005
2019-06-09,2608.9,1495338.4700000004
2019-06-11,-2362.95,1492975.5200000005
2019-06-12,379.22,1493354.7400000005
2019-06-13,1270.64,1494625.3800000004
2019-06-14,982.54,1495607.9200000004
2019-06-16,346.57,1495954.4900000005
2019-06-17,974.08,1496928.5700000005
2019-06-18,-185.51,1496743.0600000005
2019-06-19,-1875.01,1494868.0500000005
2019-06-20,-1043.9,1493824.1500000004
2019-06-21,2537.43,1496361.5800000005
2019-06-23,416.41,1496777.9900000005
2019-06-24,-2917.04,1493860.9500000004
2019-06-25,-2266.26,1491594.6900000004
2019-06-26,102.47,1491697.1600000004
2019-06-27,1850.83,1493547.9900000005
2019-06-28,298.63,1493846.6200000003
2019-06-30,-277.69,1493568.9300000004
2019-07-01,923.55,1494492.4800000004
2019-07-02,3203.75,1497696.2300000004
2019-07-03,-42.07,1497654.1600000004
2019-07-05,4911.38,1502565.5400000005
2019-07-06,1675.54,1504241.0800000003
2019-07-08,6400.94,1510642.0200000005
2019-07-10,1364.46,1512006.4800000004
2019-07-11,1880.69,1513887.1700000004
2019-07-14,935.57,1514822.7400000005
2019-07-15,636.43,1515459.1700000004
2019-07-16,600.73,1516059.9000000004
2019-07-17,-3160.11,1512899.7900000005
2019-07-18,8753.36,1521653.1500000004
2019-07-19,1165.45,1522818.6000000003
2019-07-21,254.21,1523072.8100000005
2019-07-22,-999.65,1522073.1600000004
2019-07-23,-5188.1,1516885.0600000005
2019-07-24,1655.72,1518540.7800000003
2019-07-25,-335.74,1518205.0400000005
2019-07-26,1054.13,1519259.1700000004
2019-07-28,-1642.36,1517616.8100000005
2019-07-29,-3385.05,1514231.7600000005
2019-07-30,1230.72,1515462.4800000004
2019-07-31,-3497.47,1511965.0100000005
2019-08-01,1683.76,1513648.7700000005
2019-08-02,1474.7,1515123.4700000004
2019-08-03,836.93,1515960.4000000004
2019-08-04,397.41,1516357.8100000005
2019-08-05,1222.78,1517580.5900000003
2019-08-07,-7.4,1517573.1900000004
2019-08-08,791.18,1518364.3700000003
2019-08-09,300.79,1518665.1600000004
2019-08-10,1706.24,1520371.4000000004
2019-08-11,853.03,1521224.4300000004
2019-08-12,251.68,1521476.1100000003
2019-08-13,2387.19,1523863.3000000003
2019-08-14,2446.51,1526309.8100000005
2019-08-15,1345.7,1527655.5100000002
2019-08-16,599.87,1528255.3800000004
2019-08-18,0.0,1528255.3800000004
2019-08-19,269.63,1528525.0100000002
2019-08-20,2557.15,1531082.1600000004
2019-08-21,748.19,1531830.3500000003
2019-08-22,6819.91,1538650.2600000002
2019-08-23,1853.28,1540503.5400000005
2019-08-25,1311.98,1541815.5200000005
2019-08-26,-140.35,1541675.1700000004
2019-08-27,2413.33,1544088.5000000005
2019-08-28,1749.2,1545837.7000000002
2019-08-29,617.95,1546455.6500000004
2019-08-30,-1750.19,1544705.4600000004
2019-09-01,3293.91,1547999.3700000003
2019-09-04,694.81,1548694.1800000004
2019-09-05,670.0,1549364.1800000004
2019-09-06,0.0,1549364.1800000004
2019-09-07,46.25,1549410.4300000004
2019-09-08,4141.57,1553552.0000000005
2019-09-09,1305.25,1554857.2500000005
2019-09-10,763.95,1555621.2000000002
2019-09-12,-940.05,1554681.1500000004
2019-09-13,710.58,1555391.7300000002
2019-09-15,380.4,1555772.1300000004
2019-09-16,309.48,1556081.6100000003
2019-09-17,-1630.12,1554451.4900000002
2019-09-18,469.55,1554921.0400000003
2019-09-19,-925.42,1553995.62
2019-09-20,4711.27,1558706.8900000001
2019-09-22,549.23,1559256.12
2019-09-23,360.86,1559616.9800000002
2019-09-24,3922.55,1563539.5300000003
2019-09-25,-88.87,1563450.6600000001
2019-09-26,823.98,1564274.6400000001
2019-09-27,3789.54,1568064.1800000002
2019-09-29,1895.71,1569959.8900000001
2019-09-30,944.89,1570904.7800000003
2019-10-01,-1618.63,1569286.1500000004
2019-10-02,-1458.82,1567827.3300000003
2019-10-03,686.02,1568513.3500000003
2019-10-04,-1246.24,1567267.1100000003
2019-10-05,-2284.96,1564982.1500000004
2019-10-06,220.75,1565202.9000000004
2019-10-07,-222.85,1564980.0500000003
2019-10-09,176.2,1565156.2500000005
2019-10-10,-3476.03,1561680.2200000002
2019-10-12,-2871.63,1558808.5900000003
2019-10-13,0.0,1558808.5900000003
2019-10-14,803.51,1559612.1000000003
2019-10-15,-2964.51,1556647.5900000003
2019-10-16,-1911.69,1554735.9000000004
2019-10-17,-3160.0,1551575.9000000004
2019-10-18,475.07,1552050.9700000002
2019-10-20,-1250.8,1550800.1700000004
2019-10-21,2438.67,1553238.8400000003
2019-10-22,2440.15,1555678.9900000002
2019-10-23,354.92,1556033.9100000004
2019-10-24,1030.79,1557064.7000000004
2019-10-25,-1102.27,1555962.4300000004
2019-10-28,3067.95,1559030.3800000004
2019-10-29,793.77,1559824.1500000004
2019-10-30,-1298.77,1558525.3800000004
2019-10-31,-249.35,1558276.0300000003
2019-11-01,1640.3,1559916.3300000005
2019-11-02,-890.53,1559025.8000000003
2019-11-03,-495.02,1558530.7800000003
2019-11-04,1450.55,1559981.3300000005
2019-11-06,816.84,1560798.1700000004
2019-11-07,-277.02,1560521.1500000004
2019-11-08,-44.67,1560476.4800000004
2019-11-09,704.73,1561181.2100000004
2019-11-10,-7896.88,1553284.3300000003
2019-11-11,44.4,1553328.7300000004
2019-11-12,-5263.95,1548064.7800000003
2019-11-13,-2328.43,1545736.3500000003
2019-11-14,-1275.3,1544461.0500000003
2019-11-15,545.58,1545006.6300000004
2019-11-17,0.0,1545006.6300000004
2019-11-18,1012.93,1546019.5600000003
2019-11-19,-530.41,1545489.1500000004
2019-11-20,4375.62,1549864.7700000003
2019-11-21,-910.2,1548954.5700000003
2019-11-22,365.13,1549319.7000000002
2019-11-24,285.6,1549605.3000000003
2019-11-25,-119.53,1549485.7700000003
2019-11-26,1498.14,1550983.9100000001
2019-11-27,1054.62,1552038.5300000003
2019-11-28,1175.78,1553214.3100000003
2019-11-29,-640.27,1552574.0400000003
2019-12-02,-359.44,1552214.6000000003
2019-12-03,848.48,1553063.0800000003
2019-12-04,-18.71,1553044.3700000003
2019-12-06,961.52,1554005.8900000004
2019-12-07,-1155.43,1552850.4600000004
2019-12-08,1232.22,1554082.6800000002
2019-12-09,4259.28,1558341.9600000004
2019-12-11,67.58,1558409.5400000003
2019-12-12,6047.77,1564457.3100000003
2019-12-13,503.48,1564960.7900000003
2019-12-15,453.86,1565414.6500000004
2019-12-16,102.25,1565516.9000000004
2019-12-17,-79.21,1565437.6900000004
2019-12-18,-555.24,1564882.4500000002
2019-12-19,1103.57,1565986.0200000003
2019-12-20,-240.09,1565745.9300000002
2019-12-22,180.95,1565926.8800000004
2019-12-23,1210.3,1567137.1800000002
2019-12-24,45.78,1567182.9600000004
2019-12-25,-80.7,1567102.2600000002
2019-12-26,1580.93,1568683.1900000004
2019-12-27,90.68,1568773.8700000006
2019-12-29,500.74,1569274.6100000003
2019-12-30,372.88,1569647.4900000005
2019-12-31,-22.17,1569625.3200000003
2020-01-01,431.74,1570057.0600000005
2020-01-03,2613.04,1572670.1000000006
2020-01-04,295.94,1572966.0400000005
2020-01-05,1058.8,1574024.8400000003
2020-01-06,-3926.61,1570098.2300000004
2020-01-07,-1012.31,1569085.9200000004
2020-01-09,3157.26,1572243.1800000004
2020-01-10,1205.33,1573448.5100000002
2020-01-12,-1233.56,1572214.9500000002
2020-01-13,-3338.35,1568876.6000000003
2020-01-14,658.59,1569535.1900000004
2020-01-15,-126.95,1569408.2400000002
2020-01-16,1068.73,1570476.9700000002
2020-01-17,944.17,1571421.1400000004
2020-01-19,288.94,1571710.0800000003
2020-01-20,1822.69,1573532.7700000003
2020-01-21,1417.86,1574950.6300000004
2020-01-22,3750.85,1578701.4800000002
2020-01-23,822.5,1579523.9800000002
2020-01-24,2854.26,1582378.2400000002
2020-01-26,-3442.66,1578935.58
2020-01-27,-3302.64,1575632.9400000002
2020-01-28,2206.24,1577839.1800000002
2020-01-29,-1299.59,1576539.5900000003
2020-01-30,1324.04,1577863.6300000004
2020-01-31,-759.2,1577104.4300000002
2020-02-01,287.25,1577391.6800000002
2020-02-02,-669.3,1576722.3800000004
2020-02-03,2309.84,1579032.2200000002
2020-02-04,4728.76,1583760.9800000002
2020-02-06,-10304.34,1573456.6400000001
2020-02-07,1230.94,1574687.58
2020-02-09,-2137.32,1572550.2600000002
2020-02-10,530.53,1573080.7900000003
2020-02-11,101.14,1573181.9300000002
2020-02-12,2298.03,1575479.9600000004
2020-02-13,1816.25,1577296.2100000004
2020-02-14,0.0,1577296.2100000004
2020-02-16,-1088.67,1576207.5400000003
2020-02-17,-129.9,1576077.6400000001
2020-02-18,-2854.77,1573222.87
2020-02-19,-2134.86,1571088.0100000002
2020-02-20,-2835.44,1568252.5700000003
2020-02-21,2782.54,1571035.1100000003
2020-02-23,1414.34,1572449.4500000002
2020-02-24,732.69,1573182.1400000001
2020-02-25,-1008.63,1572173.5100000002
2020-02-26,-5638.76,1566534.7500000002
2020-02-27,-9074.06,1557460.6900000002
2020-02-28,6209.35,1563670.04
2020-03-01,453.98,1564124.02
2020-03-02,1129.07,1565253.09
2020-03-03,2194.38,1567447.4700000002
2020-03-04,2240.15,1569687.62
2020-03-05,2548.38,1572236.0
2020-03-06,557.77,1572793.77
2020-03-07,1796.5,1574590.27
2020-03-08,1492.69,1576082.96
2020-03-09,209.48,1576292.44
2020-03-11,-3096.52,1573195.92
2020-03-12,1972.13,1575168.05
2020-03-13,-5381.5,1569786.55
2020-03-15,-1544.91,1568241.6400000001
2020-03-16,2719.55,1570961.19
2020-03-17,-214.68,1570746.51
2020-03-18,-502.59,1570243.92
2020-03-19,17939.86,1588183.78
2020-03-20,-1557.44,1586626.34
2020-03-22,4043.48,1590669.82
2020-03-23,206.03,1590875.85
2020-03-24,740.81,1591616.6600000001
2020-03-25,25603.5,1617220.1600000001
2020-03-26,-1593.46,1615626.7000000002
2020-03-27,7815.83,1623442.5300000003
2020-03-29,333.67,1623776.2000000002
2020-03-30,6516.73,1630292.9300000002
2020-03-31,5687.39,1635980.3200000003
2020-04-02,2434.15,1638414.4700000002
2020-04-03,2496.94,1640911.4100000001
2020-04-05,1178.81,1642090.2200000002
2020-04-06,-3798.01,1638292.2100000002
2020-04-08,4197.22,1642489.4300000002
2020-04-09,2443.33,1644932.7600000002
2020-04-10,-111.12,1644821.6400000001
2020-04-11,-295.89,1644525.75
2020-04-12,36.2,1644561.9500000002
2020-04-13,2745.45,1647307.4
2020-04-14,-6109.5,1641197.9
2020-04-15,6380.93,1647578.83
2020-04-16,2244.81,1649823.6400000001
2020-04-19,1830.5,1651654.1400000001
2020-04-20,-2038.21,1649615.9300000002
2020-04-21,5932.78,1655548.7100000002
2020-04-22,1873.73,1657422.4400000002
2020-04-23,-4085.33,1653337.1100000003
2020-04-24,1078.04,1654415.1500000004
2020-04-26,-1543.47,1652871.6800000002
2020-04-27,-423.3,1652448.3800000004
2020-04-28,2358.81,1654807.1900000004
2020-04-29,621.59,1655428.7800000003
2020-04-30,-6599.9,1648828.8800000004
2020-05-01,-740.56,1648088.3200000003
2020-05-02,2166.18,1650254.5000000002
2020-05-03,-3683.05,1646571.4500000002
2020-05-04,-1177.47,1645393.9800000002
2020-05-05,873.42,1646267.4000000004
2020-05-06,-4752.52,1641514.8800000004
2020-05-07,1869.63,1643384.5100000002
2020-05-08,1151.11,1644535.62
2020-05-10,666.45,1645202.0700000003
2020-05-11,-630.29,1644571.7800000003
2020-05-13,2789.7,1647361.48
2020-05-14,1944.63,1649306.11
2020-05-15,12733.62,1662039.73
2020-05-17,962.15,1663001.8800000001
2020-05-18,-6837.41,1656164.4700000002
2020-05-19,2300.99,1658465.46
2020-05-20,2404.5,1660869.96
2020-05-21,642.13,1661512.09
2020-05-22,2794.69,1664306.78
2020-05-24,-1861.91,1662444.87
2020-05-25,664.64,1663109.51
2020-05-26,-482.04,1662627.47
2020-05-27,1786.12,1664413.5899999999
2020-05-28,-1447.18,1662966.41
2020-05-29,-4983.86,1657982.5499999998
2020-06-01,223.71,1658206.2599999998
2020-06-02,-761.62,1657444.64
2020-06-03,-2202.66,1655241.98
2020-06-04,-2667.84,1652574.14
2020-06-05,682.46,1653256.5999999999
2020-06-07,2432.33,1655688.9299999997
2020-06-08,1131.69,1656820.6199999996
2020-06-09,-11.36,1656809.2599999998
2020-06-10,1825.85,1658635.1099999999
2020-06-11,-213.73,1658421.38
2020-06-14,233.41,1658654.7899999998
2020-06-15,2513.86,1661168.65
2020-06-16,2842.73,1664011.38
2020-06-17,3270.37,1667281.7499999998
2020-06-18,2110.45,1669392.1999999997
2020-06-19,6720.05,1676112.2499999998
2020-06-21,2028.05,1678140.2999999998
2020-06-22,2440.73,1680581.0299999998
2020-06-23,1074.01,1681655.0399999998
2020-06-24,907.02,1682562.0599999998
2020-06-25,-144.17,1682417.8899999997
2020-06-26,-108.69,1682309.1999999997
2020-06-28,983.97,1683293.17
2020-06-29,1295.43,1684588.5999999999
2020-06-30,-2623.18,1681965.42
2020-07-01,1248.41,1683213.8299999998
2020-07-02,-886.51,1682327.3199999998
2020-07-04,22.43,1682349.75
2020-07-05,-5190.84,1677158.91
2020-07-06,1246.66,1678405.5699999998
2020-07-07,2594.07,1680999.64
2020-07-08,-259.14,1680740.5
2020-07-09,-3263.76,1677476.7399999998
2020-07-10,19.66,1677496.4
2020-07-12,1561.66,1679058.06
2020-07-13,470.39,1679528.45
2020-07-14,-3275.79,1676252.66
2020-07-15,418.53,1676671.19
2020-07-16,1262.51,1677933.7
2020-07-17,201.47,1678135.17
2020-07-19,0.0,1678135.17
2020-07-20,2421.62,1680556.79
2020-07-21,2809.13,1683365.92
2020-07-22,-6.61,1683359.31
2020-07-23,3121.62,1686480.93
2020-07-24,3017.1,1689498.0299999998
2020-07-26,-2404.25,1687093.7799999998
2020-07-27,-2506.51,1684587.27
2020-07-28,-1935.02,1682652.25
2020-07-29,911.9,1683564.15
2020-07-30,4239.27,1687803.42
2020-07-31,-593.68,1687209.7399999998
2020-08-01,1327.9,1688537.64
2020-08-03,10373.55,1698911.19
2020-08-04,-2033.97,1696877.22
2020-08-05,541.44,1697418.66
2020-08-06,2799.75,1700218.41
2020-08-07,-183.98,1700034.43
2020-08-09,-2394.32,1697640.1099999999
2020-08-10,1986.41,1699626.52
2020-08-11,1369.61,1700996.13
2020-08-12,-407.07,1700589.06
2020-08-13,0.0,1700589.06
2020-08-14,16.79,1700605.85
2020-08-16,-360.3,1700245.55
2020-08-17,-2778.59,1697466.96
2020-08-18,537.65,1698004.61
2020-08-19,324.37,1698328.98
2020-08-20,5122.22,1703451.2000000002
2020-08-21,2500.61,1705951.81
2020-08-23,250.27,1706202.08
2020-08-24,280.53,1706482.61
2020-08-25,-2619.68,1703862.9300000002
2020-08-26,-3472.9,1700390.03
2020-08-27,1587.11,1701977.1400000001
2020-08-28,-1104.21,1700872.9300000002
2020-08-31,997.94,1701870.87
2020-09-01,373.09,1702243.96
2020-09-02,899.36,1703143.3199999998
2020-09-03,27800.71,1730944.0299999998
2020-09-04,1438.61,1732382.64
2020-09-06,-1298.07,1731084.5699999998
2020-09-07,-1596.87,1729487.7
2020-09-09,-630.96,1728856.74
2020-09-10,1517.25,1730373.99
2020-09-11,-6759.82,1723614.17
2020-09-12,1939.64,1725553.81
2020-09-14,-934.24,1724619.57
2020-09-15,-1331.51,1723288.06
2020-09-16,4578.79,1727866.85
2020-09-17,-759.93,1727106.92
2020-09-18,99.51,1727206.4300000002
2020-09-21,-3085.27,1724121.1600000001
2020-09-22,448.46,1724569.62
2020-09-23,-319.29,1724250.33
2020-09-24,-1235.95,1723014.38
2020-09-25,-1777.27,1721237.1099999999
2020-09-28,-603.57,1720633.54
2020-09-29,2900.83,1723534.37
2020-09-30,1455.4,1724989.77
2020-10-01,880.84,1725870.6099999999
2020-10-02,594.69,1726465.2999999998
2020-10-03,3338.36,1729803.66
2020-10-04,1065.51,1730869.17
2020-10-06,4946.49,1735815.66
2020-10-07,816.63,1736632.29
2020-10-08,447.77,1737080.06
2020-10-09,6435.95,1743516.0099999998
2020-10-11,175.83,1743691.8399999999
2020-10-12,-1015.85,1742675.9899999998
2020-10-13,-851.49,1741824.5
2020-10-14,-2456.55,1739367.9499999997
2020-10-15,-141.24,1739226.71
2020-10-16,2373.11,1741599.8199999998
2020-10-18,295.33,1741895.15
2020-10-19,684.82,1742579.9699999997
2020-10-20,46.97,1742626.9399999997
2020-10-21,-3577.23,1739049.7099999997
2020-10-22,717.71,1739767.4199999997
2020-10-23,1856.72,1741624.1399999997
2020-10-26,-714.55,1740909.5899999996
2020-10-27,637.3,1741546.8899999997
2020-10-28,-155.68,1741391.2099999995
2020-10-29,4508.36,1745899.5699999996
2020-10-30,-1181.63,1744717.9399999995
2020-11-02,684.23,1745402.1699999995
2020-11-03,-664.31,1744737.8599999994
2020-11-05,179.47,1744917.3299999996
2020-11-06,-10470.89,1734446.4399999995
2020-11-08,-1182.03,1733264.4099999995
2020-11-09,2358.48,1735622.8899999994
2020-11-11,976.07,1736598.9599999995
2020-11-12,3249.48,1739848.4399999995
2020-11-13,-2583.7,1737264.7399999993
2020-11-15,526.46,1737791.1999999993
2020-11-16,1057.59,1738848.7899999993
2020-11-17,2580.42,1741429.2099999995
2020-11-18,-417.86,1741011.3499999994
2020-11-19,-114.89,1740896.4599999995
2020-11-20,1089.27,1741985.7299999995
2020-11-22,-4031.88,1737953.8499999994
2020-11-23,-796.4,1737157.4499999993
2020-11-24,761.69,1737919.1399999992
2020-11-25,-88.08,1737831.0599999994
2020-11-26,90.63,1737921.6899999995
2020-11-27,1121.45,1739043.1399999992
2020-11-29,-2395.55,1736647.5899999994
2020-11-30,2164.16,1738811.7499999993
2020-12-01,364.77,1739176.5199999993
2020-12-02,-1281.05,1737895.4699999993
2020-12-03,-424.05,1737471.4199999992
2020-12-04,941.62,1738413.039999999
2020-12-05,-3059.31,1735353.729999999
2020-12-06,-229.82,1735123.9099999992
2020-12-08,-1086.72,1734037.1899999992
2020-12-10,-481.8,1733555.3899999992
2020-12-11,-1421.14,1732134.249999999
2020-12-13,821.84,1732956.0899999992
2020-12-14,3828.63,1736784.7199999993
2020-12-15,-999.95,1735784.769999999
2020-12-16,-721.25,1735063.519999999
2020-12-17,2369.92,1737433.4399999992
2020-12-18,1903.2,1739336.6399999992
2020-12-20,1404.5,1740741.1399999992
2020-12-21,3455.65,1744196.789999999
2020-12-22,-59.24,1744137.5499999993
2020-12-23,545.8,1744683.3499999992
2020-12-24,270.68,1744954.0299999993
2020-12-27,1441.8,1746395.8299999994
2020-12-28,1556.07,1747951.8999999994
2020-12-29,233.65,1748185.5499999993
2020-12-30,1562.54,1749748.0899999994
2020-12-31,-1105.67,1748642.4199999995
2021-01-02,510.39,1749152.8099999994
2021-01-03,804.02,1749956.8299999994
2021-01-04,3689.84,1753646.6699999995
2021-01-06,1658.37,1755305.0399999993
2021-01-07,1092.49,1756397.5299999993
2021-01-09,2858.18,1759255.7099999995
2021-01-10,-673.36,1758582.3499999994
2021-01-11,-1942.82,1756639.5299999993
2021-01-12,359.46,1756998.9899999993
2021-01-13,250.33,1757249.3199999994
2021-01-14,4156.16,1761405.4799999995
2021-01-15,3280.57,1764686.0499999993
2021-01-17,387.01,1765073.0599999994
2021-01-18,2825.81,1767898.8699999994
2021-01-19,-2043.36,1765855.5099999993
2021-01-20,5562.71,1771418.2199999993
2021-01-21,228.57,1771646.7899999993
2021-01-22,1006.61,1772653.3999999994
2021-01-24,-493.14,1772160.2599999993
2021-01-25,0.0,1772160.2599999993
2021-01-26,130.28,1772290.5399999993
2021-01-27,241.0,1772531.5399999993
2021-01-28,-1379.93,1771151.6099999994
2021-01-29,-1290.33,1769861.2799999993
2021-01-31,2170.13,1772031.4099999992
2021-02-02,1056.06,1773087.4699999993
2021-02-03,1367.07,1774454.5399999993
2021-02-04,276.75,1774731.2899999993
2021-02-06,244.54,1774975.8299999994
2021-02-07,3035.0,1778010.8299999994
2021-02-08,-775.6,1777235.2299999995
2021-02-09,2685.18,1779920.4099999995
2021-02-11,-4257.27,1775663.1399999994
2021-02-12,-1685.37,1773977.7699999996
2021-02-15,-1843.36,1772134.4099999995
2021-02-16,98.09,1772232.4999999995
2021-02-17,-5473.47,1766759.0299999993
2021-02-18,-465.91,1766293.1199999994
2021-02-19,-8132.96,1758160.1599999995
2021-02-21,-31.95,1758128.2099999995
2021-02-22,1800.22,1759928.4299999995
2021-02-23,-7466.75,1752461.6799999995
2021-02-24,15952.69,1768414.3699999994
2021-02-25,-12221.26,1756193.1099999994
2021-02-26,259.85,1756452.9599999995
2021-02-28,-2179.84,1754273.1199999994
2021-03-01,4781.79,1759054.9099999995
2021-03-02,1733.13,1760788.0399999996
2021-03-03,416.31,1761204.3499999996
2021-03-05,1043.53,1762247.8799999994
2021-03-06,-3106.32,1759141.5599999996
2021-03-08,4337.9,1763479.4599999995
2021-03-09,2857.94,1766337.3999999994
2021-03-11,3716.15,1770053.5499999996
2021-03-12,1141.6,1771195.1499999994
2021-03-14,393.42,1771588.5699999996
2021-03-15,-1751.11,1769837.4599999995
2021-03-16,2546.02,1772383.4799999995
2021-03-17,2654.99,1775038.4699999997
2021-03-18,-80.65,1774957.8199999996
2021-03-19,743.0,1775700.8199999996
2021-03-21,535.55,1776236.3699999996
2021-03-22,2489.87,1778726.2399999998
2021-03-23,4262.75,1782988.9899999998
2021-03-24,579.83,1783568.8199999996
2021-03-25,2235.87,1785804.6899999995
2021-03-26,117.52,1785922.2099999995
2021-03-29,126.7,1786048.9099999997
2021-03-30,187.35,1786236.2599999995
2021-03-31,2033.22,1788269.4799999995
2021-04-01,1767.58,1790037.0599999996
2021-04-02,-58.14,1789978.9199999995
2021-04-03,-905.99,1789072.9299999995
2021-04-05,383.06,1789455.9899999995
2021-04-06,589.31,1790045.2999999996
2021-04-08,146.46,1790191.7599999995
2021-04-10,627.41,1790819.1699999995
2021-04-11,1615.64,1792434.8099999996
2021-04-13,-9078.45,1783356.3599999996
2021-04-14,-7159.57,1776196.7899999996
2021-04-15,924.96,1777121.7499999995
2021-04-16,-589.79,1776531.9599999995
2021-04-18,0.0,1776531.9599999995
2021-04-19,444.19,1776976.1499999994
2021-04-20,5852.2,1782828.3499999996
2021-04-21,-1260.4,1781567.9499999995
2021-04-22,-786.06,1780781.8899999994
2021-04-23,40.52,1780822.4099999995
2021-04-25,-966.94,1779855.4699999995
2021-04-26,1710.69,1781566.1599999995
2021-04-27,-528.41,1781037.7499999995
2021-04-28,323.79,1781361.5399999996
2021-04-29,-2452.35,1778909.1899999995
2021-04-30,3010.24,1781919.4299999995
2021-05-01,-2059.59,1779859.8399999994
2021-05-02,-2227.82,1777632.0199999996
2021-05-03,3107.39,1780739.4099999997
2021-05-04,-2011.31,1778728.0999999996
2021-05-05,-2065.78,1776662.3199999994
2021-05-07,-600.56,1776061.7599999993
2021-05-08,970.38,1777032.1399999994
2021-05-10,-3699.79,1773332.3499999994
2021-05-11,-703.67,1772628.6799999992
2021-05-13,1574.6,1774203.2799999993
2021-05-14,1515.99,1775719.2699999993
2021-05-16,-475.07,1775244.1999999993
2021-05-17,-724.05,1774520.1499999994
2021-05-18,871.08,1775391.2299999993
2021-05-19,2620.81,1778012.0399999993
2021-05-20,4351.59,1782363.6299999994
2021-05-21,2277.15,1784640.7799999993
2021-05-24,1596.89,1786237.6699999995
2021-05-25,-119.73,1786117.9399999995
2021-05-26,6582.67,1792700.6099999994
2021-05-27,415.97,1793116.5799999994
2021-05-28,1584.0,1794700.5799999994
2021-05-30,496.72,1795197.2999999993
2021-05-31,-92.48,1795104.8199999994
2021-06-01,-360.09,1794744.7299999995
2021-06-04,1603.99,1796348.7199999993
2021-06-05,-574.59,1795774.1299999994
2021-06-07,-707.18,1795066.9499999993
2021-06-08,-1111.16,1793955.7899999993
2021-06-09,157.35,1794113.1399999992
2021-06-10,2772.28,1796885.4199999995
2021-06-12,-2063.76,1794821.6599999992
2021-06-13,327.14,1795148.7999999993
2021-06-14,-3117.02,1792031.7799999993
2021-06-15,810.45,1792842.2299999993
2021-06-16,-1372.91,1791469.3199999994
2021-06-17,-403.58,1791065.7399999993
2021-06-18,6980.49,1798046.2299999993
2021-06-20,203.01,1798249.2399999993
2021-06-21,-148.51,1798100.7299999993
2021-06-22,-502.2,1797598.5299999993
2021-06-23,1225.44,1798823.9699999993
2021-06-24,504.24,1799328.2099999993
2021-06-25,1147.32,1800475.5299999993
2021-06-27,-79.76,1800395.769999999
2021-06-28,-3167.2,1797228.5699999994
2021-06-29,806.05,1798034.6199999992
2021-06-30,438.46,1798473.0799999991
2021-07-01,3214.33,1801687.4099999992
2021-07-02,359.76,1802047.1699999992
2021-07-04,2440.7,1804487.8699999992
2021-07-05,3972.71,1808460.5799999991
2021-07-06,1052.81,1809513.3899999992
2021-07-07,-4687.1,1804826.289999999
2021-07-09,-497.33,1804328.9599999993
2021-07-10,1227.78,1805556.7399999993
2021-07-12,2543.59,1808100.3299999991
2021-07-13,-459.72,1807640.6099999994
2021-07-14,3632.6,1811273.2099999993
2021-07-15,-1429.14,1809844.0699999994
2021-07-16,-69.62,1809774.4499999993
2021-07-18,497.39,1810271.8399999994
2021-07-19,7493.54,1817765.3799999994
2021-07-20,-2975.16,1814790.2199999993
2021-07-21,-454.98,1814335.2399999993
2021-07-22,1434.56,1815769.7999999993
2021-07-23,2149.6,1817919.3999999994
2021-07-25,-1073.01,1816846.3899999992
2021-07-26,-165.85,1816680.5399999993
2021-07-27,2387.16,1819067.6999999993
2021-07-28,581.34,1819649.0399999993
2021-07-29,2272.46,1821921.4999999993
2021-07-30,2428.99,1824350.4899999993
2021-08-01,-1333.77,1823016.7199999993
2021-08-02,-2592.76,1820423.9599999993
2021-08-03,-771.1,1819652.8599999994
2021-08-04,1010.38,1820663.2399999993
2021-08-06,263.27,1820926.5099999993
2021-08-07,253.18,1821179.6899999995
2021-08-08,1205.25,1822384.9399999995
2021-08-09,6493.95,1828878.8899999992
2021-08-10,936.56,1829815.4499999993
2021-08-11,1762.11,1831577.5599999994
2021-08-12,-2574.05,1829003.5099999993
2021-08-13,121.1,1829124.6099999994
2021-08-15,-748.13,1828376.4799999993
2021-08-16,-4801.73,1823574.7499999993
2021-08-17,5215.72,1828790.4699999993
2021-08-18,1441.91,1830232.3799999994
2021-08-19,15687.45,1845919.8299999991
2021-08-20,1521.51,1847441.3399999994
2021-08-22,2308.72,1849750.0599999991
2021-08-23,-4366.85,1845383.2099999993
2021-08-24,-887.67,1844495.539999999
2021-08-25,-1903.01,1842592.5299999993
2021-08-26,376.09,1842968.6199999992
2021-08-27,-5071.6,1837897.019999999
2021-08-30,-277.28,1837619.7399999993
2021-08-31,-275.32,1837344.4199999992
2021-09-02,959.27,1838303.6899999992
2021-09-03,-522.36,1837781.3299999991
2021-09-04,1796.48,1839577.8099999991
2021-09-05,0.0,1839577.8099999991
2021-09-06,975.06,1840552.8699999992
2021-09-07,-742.43,1839810.4399999992
2021-09-08,2800.11,1842610.5499999993
2021-09-09,3365.03,1845975.5799999991
2021-09-11,-1086.49,1844889.0899999994
2021-09-12,2448.27,1847337.3599999994
2021-09-13,-804.27,1846533.0899999994
2021-09-14,-170.54,1846362.5499999993
2021-09-15,-268.79,1846093.7599999993
2021-09-16,659.43,1846753.1899999992
2021-09-17,-4648.95,1842104.2399999993
2021-09-19,-3867.98,1838236.2599999993
2021-09-20,-1169.66,1837066.5999999992
2021-09-21,1506.8,1838573.3999999994
2021-09-22,-50.56,1838522.8399999994
2021-09-23,1596.12,1840118.9599999993
2021-09-24,803.64,1840922.5999999992
2021-09-27,661.52,1841584.1199999992
2021-09-28,-434.84,1841149.2799999993
2021-09-29,5562.32,1846711.5999999992
2021-09-30,-3121.51,1843590.0899999994
2021-10-01,-166.16,1843423.9299999992
2021-10-02,-133.01,1843290.9199999992
2021-10-03,1354.12,1844645.039999999
2021-10-05,-281.27,1844363.769999999
2021-10-06,-1499.31,1842864.459999999
2021-10-08,-1614.42,1841250.039999999
2021-10-09,521.12,1841771.1599999992
2021-10-11,3202.98,1844974.1399999992
2021-10-12,-1183.82,1843790.3199999991
2021-10-13,-743.66,1843046.6599999992
2021-10-14,-10146.85,1832899.8099999991
2021-10-15,278.31,1833178.1199999992
2021-10-18,769.57,1833947.689999999
2021-10-19,2339.99,1836287.6799999992
2021-10-20,2285.99,1838573.669999999
2021-10-21,544.24,1839117.9099999992
2021-10-22,660.64,1839778.549999999
2021-10-25,-977.72,1838800.8299999991
2021-10-26,221.12,1839021.9499999993
2021-10-27,1856.36,1840878.3099999991
2021-10-28,755.08,1841633.3899999992
2021-10-29,-98.78,1841534.609999999
2021-10-31,2.01,1841536.6199999992
2021-11-01,1744.42,1843281.039999999
2021-11-02,1269.22,1844550.259999999
2021-11-03,3908.84,1848459.0999999992
2021-11-05,303.8,1848762.899999999
2021-11-06,407.49,1849170.3899999992
2021-11-07,2363.64,1851534.029999999
2021-11-08,-1523.7,1850010.3299999991
2021-11-10,1457.18,1851467.5099999993
2021-11-11,714.02,1852181.5299999993
2021-11-14,718.02,1852899.5499999993
2021-11-15,-46.71,1852852.8399999994
2021-11-16,-389.63,1852463.2099999993
2021-11-17,1414.42,1853877.6299999994
2021-11-18,5264.87,1859142.4999999993
2021-11-19,585.89,1859728.3899999992
2021-11-22,2039.22,1861767.6099999994
2021-11-23,-3869.79,1857897.8199999994
2021-11-24,-4746.96,1853150.8599999994
2021-11-25,-1876.23,1851274.6299999994
2021-11-26,1802.6,1853077.2299999993
2021-11-28,1249.73,1854326.9599999993
2021-11-29,516.25,1854843.2099999993
2021-11-30,2651.31,1857494.5199999993
2021-12-01,2631.15,1860125.6699999995
2021-12-02,1593.11,1861718.7799999993
2021-12-03,-1095.41,1860623.3699999992
2021-12-04,185.45,1860808.8199999994
2021-12-05,-1113.28,1859695.539999999
2021-12-07,803.42,1860498.9599999993
2021-12-08,-1684.59,1858814.3699999992
2021-12-09,124.74,1858939.1099999994
2021-12-10,3027.82,1861966.9299999992
2021-12-11,546.71,1862513.6399999992
2021-12-13,1411.63,1863925.269999999
2021-12-14,-1199.23,1862726.039999999
2021-12-15,1442.58,1864168.6199999992
2021-12-16,-4492.25,1859676.3699999992
2021-12-17,2414.13,1862090.499999999
2021-12-19,-458.7,1861631.7999999993
2021-12-20,1744.15,1863375.9499999993
2021-12-21,-2678.56,1860697.3899999992
2021-12-22,2363.81,1863061.1999999993
2021-12-23,2544.0,1865605.1999999993
2021-12-24,1503.88,1867109.0799999991
2021-12-26,1698.98,1868808.0599999991
2021-12-27,1301.79,1870109.8499999992
2021-12-28,2733.95,1872843.7999999993
2021-12-29,2926.05,1875769.8499999992
2021-12-30,-1915.69,1873854.1599999992
2021-12-31,327.28,1874181.4399999995
2022-01-02,443.77,1874625.2099999995
2022-01-03,-123.44,1874501.7699999996
2022-01-04,-2500.39,1872001.3799999994
2022-01-05,3394.17,1875395.5499999993
2022-01-06,3902.74,1879298.2899999996
2022-01-07,2414.74,1881713.0299999993
2022-01-08,1909.51,1883622.5399999996
2022-01-09,2843.89,1886466.4299999995
2022-01-11,2940.63,1889407.0599999996
2022-01-12,337.18,1889744.2399999995
2022-01-13,-825.46,1888918.7799999996
2022-01-14,-1589.14,1887329.6399999997
2022-01-17,8.59,1887338.2299999995
2022-01-18,-44.53,1887293.6999999995
2022-01-19,-1413.45,1885880.2499999995
2022-01-20,-1556.17,1884324.0799999996
2022-01-21,-569.06,1883755.0199999996
2022-01-23,1810.67,1885565.6899999995
2022-01-24,1231.97,1886797.6599999995
2022-01-25,1378.53,1888176.1899999995
2022-01-26,-1868.13,1886308.0599999996
2022-01-27,590.42,1886898.4799999995
2022-01-28,1019.58,1887918.0599999996
2022-01-31,-422.77,1887495.2899999996
2022-02-01,920.02,1888415.3099999996
2022-02-02,-6581.17,1881834.1399999994
2022-02-03,1958.43,1883792.5699999994
2022-02-05,-6194.58,1877597.9899999995
2022-02-06,423.85,1878021.8399999994
2022-02-08,1354.72,1879376.5599999996
2022-02-09,2397.28,1881773.8399999994
2022-02-11,3783.69,1885557.5299999993
2022-02-12,2093.89,1887651.4199999995
2022-02-13,1394.59,1889046.0099999993
2022-02-14,1018.53,1890064.5399999996
2022-02-15,529.88,1890594.4199999995
2022-02-16,-5101.13,1885493.2899999996
2022-02-17,4651.24,1890144.5299999993
2022-02-18,1146.73,1891291.2599999993
2022-02-20,1834.6,1893125.8599999994
2022-02-21,113.3,1893239.1599999995
2022-02-22,-4271.96,1888967.1999999995
2022-02-23,-976.21,1887990.9899999995
2022-02-24,7248.91,1895239.8999999994
2022-02-25,-2493.44,1892746.4599999995
2022-02-27,285.28,1893031.7399999998
2022-02-28,-3758.06,1889273.6799999997
2022-03-01,1350.32,1890623.9999999995
2022-03-02,-202.63,1890421.3699999996
2022-03-03,-8079.63,1882341.7399999995
2022-03-04,-1223.98,1881117.7599999995
2022-03-05,782.9,1881900.6599999997
2022-03-06,1633.82,1883534.4799999995
2022-03-07,1049.16,1884583.6399999997
2022-03-08,-1501.84,1883081.7999999996
2022-03-10,-1124.2,1881957.5999999996
2022-03-11,-328.94,1881628.6599999997
2022-03-13,-1528.52,1880100.1399999997
2022-03-14,3966.29,1884066.4299999997
2022-03-15,1839.71,1885906.1399999997
2022-03-16,-9493.16,1876412.9799999995
2022-03-17,1453.36,1877866.3399999996
2022-03-18,101.68,1877968.0199999996
2022-03-21,-2323.2,1875644.8199999998
2022-03-22,2310.08,1877954.8999999997
2022-03-23,483.36,1878438.2599999998
2022-03-24,314.77,1878753.0299999998
2022-03-25,518.71,1879271.7399999998
2022-03-28,1319.85,1880591.5899999996
2022-03-29,4894.0,1885485.5899999996
2022-03-30,2309.42,1887795.0099999998
2022-03-31,892.5,1888687.5099999998
2022-04-01,1101.04,1889788.5499999998
2022-04-02,3849.57,1893638.1199999996
2022-04-03,3194.58,1896832.6999999997
2022-04-04,-3602.0,1893230.6999999997
2022-04-05,7117.71,1900348.4099999997
2022-04-07,1447.82,1901796.2299999995
2022-04-08,1536.3,1903332.5299999996
2022-04-10,11469.39,1914801.9199999995
2022-04-11,4320.02,1919121.9399999995
2022-04-12,840.09,1919962.0299999996
2022-04-13,1110.15,1921072.1799999997
2022-04-14,1898.34,1922970.5199999996
2022-04-15,1484.18,1924454.6999999997
2022-04-17,-702.43,1923752.2699999996
2022-04-18,-5276.85,1918475.4199999995
2022-04-19,-273.08,1918202.3399999996
2022-04-20,2639.06,1920841.3999999997
2022-04-21,-11775.25,1909066.1499999997
2022-04-22,-4730.49,1904335.6599999997
2022-04-24,1448.84,1905784.4999999995
2022-04-25,-3875.8,1901908.6999999997
2022-04-26,3472.82,1905381.5199999996
2022-04-27,1292.0,1906673.5199999996
2022-04-28,4994.32,1911667.8399999994
2022-04-29,3940.48,1915608.3199999994
2022-05-01,619.18,1916227.4999999995
2022-05-04,4118.88,1920346.3799999994
2022-05-05,-4972.15,1915374.2299999995
2022-05-06,246.03,1915620.2599999995
2022-05-07,735.04,1916355.2999999996
2022-05-08,2054.37,1918409.6699999995
2022-05-09,213.29,1918622.9599999995
2022-05-10,-1542.89,1917080.0699999996
2022-05-12,-4774.87,1912305.1999999997
2022-05-13,-78.12,1912227.0799999996
2022-05-15,2354.04,1914581.1199999996
2022-05-16,-1002.95,1913578.1699999997
2022-05-17,-3713.39,1909864.7799999998
2022-05-18,-3323.51,1906541.2699999996
2022-05-19,4413.8,1910955.0699999998
2022-05-20,-284.31,1910670.7599999998
2022-05-22,3045.61,1913716.3699999996
2022-05-23,6081.18,1919797.5499999998
2022-05-24,-1529.02,1918268.5299999998
2022-05-25,2331.73,1920600.2599999998
2022-05-26,-4126.08,1916474.1799999997
2022-05-27,670.64,1917144.8199999998
2022-05-29,0.0,1917144.8199999998
2022-05-30,-458.65,1916686.1699999997
2022-05-31,456.04,1917142.2099999997
2022-06-01,-965.56,1916176.6499999997
2022-06-02,-200.73,1915975.9199999997
2022-06-03,11062.99,1927038.9099999997
2022-06-04,-4233.61,1922805.2999999998
2022-06-05,-1003.15,1921802.1499999997
2022-06-06,-1569.37,1920232.7799999998
2022-06-07,-91.37,1920141.4099999997
2022-06-09,-611.53,1919529.8799999997
2022-06-10,-1632.15,1917897.7299999995
2022-06-11,-3319.96,1914577.7699999996
2022-06-12,-629.84,1913947.9299999997
2022-06-13,-930.53,1913017.3999999997
2022-06-14,-347.62,1912669.7799999998
2022-06-15,7027.28,1919697.0599999996
2022-06-16,-6238.53,1913458.5299999998
2022-06-17,2316.74,1915775.2699999996
2022-06-19,1043.23,1916818.4999999995
2022-06-20,2126.91,1918945.4099999997
2022-06-21,-3355.81,1915589.5999999996
2022-06-22,-1500.9,1914088.6999999997
2022-06-23,2317.64,1916406.3399999996
2022-06-24,5428.75,1921835.0899999996
2022-06-26,-84.84,1921750.2499999995
2022-06-27,322.69,1922072.9399999995
2022-06-28,-3302.19,1918770.7499999995
2022-06-29,-1953.63,1916817.1199999996
2022-06-30,1101.07,1917918.1899999995
2022-07-01,1466.46,1919384.6499999994
2022-07-02,-237.21,1919147.4399999995
2022-07-03,-4174.68,1914972.7599999995
2022-07-04,3436.69,1918409.4499999995
2022-07-06,9851.57,1928261.0199999996
2022-07-07,803.43,1929064.4499999995
2022-07-09,3884.52,1932948.9699999995
2022-07-10,1827.14,1934776.1099999994
2022-07-11,-1756.55,1933019.5599999996
2022-07-12,-1082.88,1931936.6799999995
2022-07-13,4735.31,1936671.9899999995
2022-07-14,3380.7,1940052.6899999995
2022-07-15,1898.86,1941951.5499999993
2022-07-17,-3864.92,1938086.6299999994
2022-07-18,0.0,1938086.6299999994
2022-07-19,-3635.06,1934451.5699999994
2022-07-20,704.87,1935156.4399999995
2022-07-21,-214.96,1934941.4799999995
2022-07-22,-1892.19,1933049.2899999996
2022-07-25,1209.74,1934259.0299999993
2022-07-26,448.22,1934707.2499999995
2022-07-27,-331.36,1934375.8899999994
2022-07-28,1970.33,1936346.2199999993
2022-07-29,7617.12,1943963.3399999994
2022-07-31,0.0,1943963.3399999994
2022-08-02,-586.54,1943376.7999999993
2022-08-03,-3594.66,1939782.1399999992
2022-08-04,-373.27,1939408.8699999992
2022-08-05,-1137.84,1938271.0299999993
2022-08-06,2929.5,1941200.5299999993
2022-08-07,2512.96,1943713.4899999993
2022-08-08,-4202.48,1939511.0099999993
2022-08-09,1357.17,1940868.1799999992
2022-08-11,355.53,1941223.7099999995
2022-08-12,-120.2,1941103.5099999993
2022-08-14,-40.82,1941062.6899999995
2022-08-15,-8084.49,1932978.1999999995
2022-08-16,-1849.23,1931128.9699999995
2022-08-17,-4396.32,1926732.6499999994
2022-08-18,-3873.28,1922859.3699999996
2022-08-19,-3506.74,1919352.6299999994
2022-08-21,-624.25,1918728.3799999994
2022-08-22,3620.04,1922348.4199999995
2022-08-23,1077.8,1923426.2199999997
2022-08-24,4408.99,1927835.2099999995
2022-08-25,3770.2,1931605.4099999997
2022-08-26,-6303.38,1925302.0299999996
2022-08-28,-4699.29,1920602.7399999995
2022-08-29,-5921.38,1914681.3599999994
2022-08-30,-136.47,1914544.8899999997
2022-08-31,266.62,1914811.5099999995
2022-09-01,-1042.5,1913769.0099999995
2022-09-02,4257.03,1918026.0399999996
2022-09-03,1471.76,1919497.7999999996
2022-09-05,2736.03,1922233.8299999996
2022-09-06,-1950.24,1920283.5899999996
2022-09-08,1347.73,1921631.3199999996
2022-09-09,2279.85,1923911.1699999995
2022-09-10,160.22,1924071.3899999997
2022-09-11,348.77,1924420.1599999997
2022-09-12,3255.13,1927675.2899999996
2022-09-13,-11875.61,1915799.6799999997
2022-09-14,-2374.35,1913425.3299999996
2022-09-15,-4170.02,1909255.3099999996
2022-09-16,-4461.26,1904794.0499999996
2022-09-18,0.0,1904794.0499999996
2022-09-19,-2874.52,1901919.5299999996
2022-09-20,-3225.3,1898694.2299999995
2022-09-21,7651.6,1906345.8299999996
2022-09-22,-996.46,1905349.3699999996
2022-09-23,-13231.86,1892117.5099999995
2022-09-25,6021.22,1898138.7299999995
2022-09-26,10411.28,1908550.0099999995
2022-09-27,5170.47,1913720.4799999995
2022-09-28,582.02,1914302.4999999995
2022-09-29,963.08,1915265.5799999996
2022-09-30,158.02,1915423.5999999996
2022-10-01,2536.33,1917959.9299999995
2022-10-02,-465.98,1917493.9499999995
2022-10-03,2064.46,1919558.4099999995
2022-10-05,-1315.57,1918242.8399999994
2022-10-06,-2645.47,1915597.3699999996
2022-10-07,-1225.68,1914371.6899999995
2022-10-08,11809.36,1926181.0499999993
2022-10-10,-1136.34,1925044.7099999995
2022-10-11,-21306.96,1903737.7499999995
2022-10-13,7837.28,1911575.0299999996
2022-10-14,-1131.43,1910443.5999999996
2022-10-17,-109.9,1910333.6999999995
2022-10-18,-2061.9,1908271.7999999993
2022-10-19,2933.44,1911205.2399999993
2022-10-20,-3163.81,1908041.4299999992
2022-10-21,4615.52,1912656.9499999993
2022-10-23,-409.78,1912247.1699999995
2022-10-24,-47.68,1912199.4899999993
2022-10-25,1880.44,1914079.9299999992
2022-10-26,3516.92,1917596.8499999992
2022-10-27,-7169.8,1910427.0499999993
2022-10-28,2816.9,1913243.9499999993
2022-10-30,321.15,1913565.0999999992
2022-10-31,2257.53,1915822.6299999994
2022-11-01,1596.0,1917418.6299999994
2022-11-02,-5084.86,1912333.7699999993
2022-11-03,3391.44,1915725.2099999993
2022-11-04,-58.82,1915666.3899999992
2022-11-05,4699.11,1920365.4999999993
2022-11-07,-34.99,1920330.5099999993
2022-11-08,2071.01,1922401.5199999993
2022-11-09,-2629.65,1919771.8699999992
2022-11-10,10206.95,1929978.8199999994
2022-11-11,-4426.0,1925552.8199999994
2022-11-14,-834.51,1924718.3099999991
2022-11-15,-3712.46,1921005.8499999992
2022-11-16,1912.99,1922918.8399999994
2022-11-17,2149.78,1925068.6199999992
2022-11-18,-3213.31,1921855.3099999991
2022-11-20,0.0,1921855.3099999991
2022-11-21,275.11,1922130.4199999992
2022-11-22,2714.85,1924845.269999999
2022-11-23,-2034.18,1922811.0899999992
2022-11-24,-7859.85,1914951.2399999993
2022-11-25,964.34,1915915.5799999991
2022-11-27,765.25,1916680.8299999991
2022-11-28,-3699.44,1912981.3899999992
2022-11-29,-1880.2,1911101.1899999992
2022-11-30,359.97,1911461.1599999992
2022-12-01,1650.13,1913111.289999999
2022-12-04,9968.28,1923079.5699999994
2022-12-05,13323.76,1936403.3299999991
2022-12-06,49.5,1936452.8299999991
2022-12-07,12556.39,1949009.2199999993
2022-12-08,-1867.77,1947141.4499999993
2022-12-09,-645.8,1946495.6499999992
2022-12-10,2036.42,1948532.0699999994
2022-12-12,1590.11,1950122.1799999992
2022-12-13,10019.21,1960141.3899999992
2022-12-14,-4869.31,1955272.0799999991
2022-12-15,-3398.04,1951874.039999999
2022-12-16,2717.19,1954591.229999999
2022-12-20,3301.54,1957892.769999999
2022-12-21,-2565.9,1955326.8699999992
2022-12-22,1048.4,1956375.269999999
2022-12-23,3800.19,1960175.459999999
2022-12-25,625.24,1960800.699999999
2022-12-26,7604.81,1968405.509999999
2022-12-27,2725.34,1971130.8499999992
2022-12-28,3022.83,1974153.679999999
2022-12-29,3617.89,1977771.569999999
2022-12-30,194.31,1977965.879999999
2023-01-02,10053.32,1988019.199999999
2023-01-03,1985.05,1990004.249999999
2023-01-05,2129.85,1992134.0999999992
2023-01-06,-8305.59,1983828.509999999
2023-01-08,-4806.13,1979022.379999999
2023-01-09,5485.32,1984507.699999999
2023-01-10,0.0,1984507.699999999
2023-01-11,-10375.26,1974132.439999999
2023-01-12,2050.74,1976183.179999999
2023-01-13,2797.0,1978980.179999999
2023-01-15,3526.78,1982506.959999999
2023-01-16,2822.88,1985329.839999999
2023-01-17,3450.37,1988780.209999999
2023-01-18,4029.99,1992810.199999999
2023-01-19,887.92,1993698.1199999992
2023-01-20,-6942.41,1986755.709999999
2023-01-23,-2194.03,1984561.679999999
2023-01-24,162.08,1984723.7599999988
2023-01-25,803.62,1985527.379999999
2023-01-26,254.16,1985781.539999999
2023-01-27,1480.32,1987261.859999999
2023-01-29,1522.16,1988784.019999999
2023-01-30,3656.47,1992440.4899999988
2023-01-31,2492.73,1994933.2199999988
2023-02-01,503.31,1995436.5299999989
2023-02-02,-5910.78,1989525.749999999
2023-02-03,2797.11,1992322.859999999
2023-02-04,3378.51,1995701.369999999
2023-02-05,-1708.83,1993992.539999999
2023-02-06,915.36,1994907.899999999
2023-02-07,662.78,1995570.679999999
2023-02-08,-597.58,1994973.0999999992
2023-02-10,-2068.63,1992904.469999999
2023-02-11,172.14,1993076.609999999
2023-02-13,6417.22,1999493.8299999991
2023-02-14,3800.07,2003293.899999999
2023-02-15,-836.55,2002457.349999999
2023-02-16,550.11,2003007.459999999
2023-02-17,1643.16,2004650.619999999
2023-02-20,1939.85,2006590.4699999988
2023-02-21,-3492.98,2003097.4899999988
2023-02-22,289.01,2003386.499999999
2023-02-23,1653.19,2005039.689999999
2023-02-24,-5858.34,1999181.349999999
2023-02-27,4279.55,2003460.899999999
2023-02-28,-7502.72,1995958.179999999
2023-03-01,6827.48,2002785.659999999
2023-03-02,-5479.82,1997305.839999999
2023-03-03,-7315.0,1989990.839999999
2023-03-04,4922.74,1994913.5799999991
2023-03-05,2041.22,1996954.7999999989
2023-03-07,3226.11,2000180.909999999
2023-03-08,1538.14,2001719.0499999989
2023-03-10,5270.32,2006989.369999999
2023-03-11,-4781.27,2002208.099999999
2023-03-12,549.52,2002757.619999999
2023-03-13,-3931.6,1998826.019999999
2023-03-14,1584.99,2000411.0099999988
2023-03-15,12208.9,2012619.909999999
2023-03-16,1325.33,2013945.2399999988
2023-03-17,-1564.63,2012380.609999999
2023-03-19,-1097.25,2011283.359999999
2023-03-20,218.85,2011502.209999999
2023-03-21,-4503.67,2006998.5399999989
2023-03-22,5322.4,2012320.939999999
2023-03-23,-4780.33,2007540.609999999
2023-03-24,547.15,2008087.7599999988
2023-03-27,-5092.77,2002994.9899999988
2023-03-28,-410.21,2002584.7799999989
2023-03-29,1116.9,2003701.679999999
2023-03-30,2162.94,2005864.619999999
2023-03-31,8066.29,2013930.909999999
2023-04-01,3356.54,2017287.449999999
2023-04-04,4076.69,2021364.139999999
2023-04-05,-12136.21,2009227.929999999
2023-04-07,-3357.01,2005870.919999999
2023-04-08,1114.57,2006985.4899999988
2023-04-09,-2298.25,2004687.2399999988
2023-04-10,-2368.48,2002318.7599999988
2023-04-12,3948.35,2006267.109999999
2023-04-13,5524.42,2011791.5299999989
2023-04-14,-3028.88,2008762.649999999
2023-04-17,-1683.39,2007079.2599999988
2023-04-18,1277.59,2008356.849999999
2023-04-19,2277.56,2010634.409999999
2023-04-20,-3293.16,2007341.249999999
2023-04-21,-443.53,2006897.7199999988
2023-04-23,230.7,2007128.419999999
2023-04-24,1754.23,2008882.649999999
2023-04-25,501.23,2009383.879999999
2023-04-26,-3003.23,2006380.649999999
2023-04-27,1167.27,2007547.919999999
2023-04-28,-3132.56,2004415.359999999
2023-05-01,-3091.89,2001323.4699999988
2023-05-04,2982.63,2004306.0999999987
2023-05-05,446.33,2004752.4299999988
2023-05-06,861.89,2005614.319999999
2023-05-07,537.18,2006151.4999999988
2023-05-09,-2359.81,2003791.6899999988
2023-05-10,3223.75,2007015.4399999988
2023-05-11,1831.18,2008846.6199999987
2023-05-12,3029.91,2011876.5299999989
2023-05-15,3464.69,2015341.2199999988
2023-05-16,-1308.25,2014032.9699999988
2023-05-17,1457.18,2015490.149999999
2023-05-18,-3720.43,2011769.7199999988
2023-05-19,810.41,2012580.129999999
2023-05-22,2932.97,2015513.0999999987
2023-05-23,-11658.05,2003855.0499999989
2023-05-24,-2063.34,2001791.7099999988
2023-05-25,370.55,2002162.2599999988
2023-05-26,4720.21,2006882.4699999988
2023-05-29,-318.38,2006564.089999999
2023-05-30,985.74,2007549.8299999987
2023-05-31,3153.68,2010703.5099999988
2023-06-01,-289.72,2010413.7899999989
2023-06-02,432.89,2010846.6799999988
2023-06-03,-4648.56,2006198.1199999987
2023-06-04,-1780.07,2004418.0499999989
2023-06-06,3208.86,2007626.9099999988
2023-06-07,6071.35,2013698.2599999988
2023-06-08,5364.99,2019063.2499999988
2023-06-09,2323.82,2021387.069999999
2023-06-10,450.48,2021837.5499999989
2023-06-11,219.49,2022057.0399999986
2023-06-12,2181.01,2024238.0499999989
2023-06-13,-3617.27,2020620.7799999989
2023-06-14,10171.09,2030791.8699999987
2023-06-16,-6023.11,2024768.7599999988
2023-06-18,860.9,2025629.6599999988
2023-06-19,-1998.34,2023631.319999999
2023-06-20,0.0,2023631.319999999
2023-06-21,3511.19,2027142.5099999988
2023-06-22,166.69,2027309.1999999988
2023-06-23,-621.8,2026687.3999999985
2023-06-26,3470.88,2030158.2799999986
2023-06-27,-5353.26,2024805.0199999986
2023-06-28,11260.2,2036065.2199999986
2023-06-29,-1622.15,2034443.0699999984
2023-06-30,807.37,2035250.4399999985
2023-07-02,-173.03,2035077.4099999985
2023-07-03,-61.05,2035016.3599999985
2023-07-04,4162.31,2039178.6699999985
2023-07-05,0.0,2039178.6699999985
2023-07-06,5818.63,2044997.2999999984
2023-07-07,-2478.12,2042519.1799999985
2023-07-08,103.14,2042622.3199999984
2023-07-09,2239.2,2044861.5199999986
2023-07-11,-595.25,2044266.2699999986
2023-07-12,-3412.5,2040853.7699999986
2023-07-13,7258.03,2048111.7999999984
2023-07-14,16502.1,2064613.8999999985
2023-07-16,-6075.58,2058538.3199999984
2023-07-17,-716.13,2057822.1899999985
2023-07-18,2921.08,2060743.2699999986
2023-07-19,1826.09,2062569.3599999987
2023-07-20,-1268.53,2061300.8299999987
2023-07-21,1377.75,2062678.5799999987
2023-07-24,2261.52,2064940.0999999987
2023-07-25,1373.04,2066313.1399999987
2023-07-26,7404.84,2073717.9799999988
2023-07-27,-5319.54,2068398.4399999988
2023-07-28,-3339.24,2065059.1999999988
2023-07-30,203.17,2065262.3699999987
2023-07-31,1646.44,2066908.8099999987
2023-08-02,325.21,2067234.0199999986
2023-08-03,2743.21,2069977.2299999986
2023-08-05,7437.99,2077415.2199999986
2023-08-06,2364.25,2079779.4699999986
2023-08-08,-2341.73,2077437.7399999986
2023-08-09,-908.89,2076528.8499999987
2023-08-10,2119.63,2078648.4799999986
2023-08-11,-2399.25,2076249.2299999986
2023-08-12,-319.68,2075929.5499999986
2023-08-14,3068.15,2078997.6999999986
2023-08-15,3512.61,2082510.3099999987
2023-08-16,4641.51,2087151.8199999987
2023-08-17,3021.57,2090173.3899999987
2023-08-18,963.48,2091136.8699999987
2023-08-21,-1492.42,2089644.4499999988
2023-08-22,-788.35,2088856.0999999987
2023-08-23,911.24,2089767.3399999987
2023-08-24,403.91,2090171.2499999986
2023-08-25,911.79,2091083.0399999986
2023-08-27,1807.24,2092890.2799999986
2023-08-28,1009.3,2093899.5799999987
2023-08-29,2004.78,2095904.3599999987
2023-08-30,2619.96,2098524.3199999984
2023-08-31,-1335.39,2097188.929999999
2023-09-01,804.21,2097993.1399999987
2023-09-02,611.94,2098605.0799999987
2023-09-03,-3031.5,2095573.5799999987
2023-09-04,415.04,2095988.6199999987
2023-09-05,818.73,2096807.3499999987
2023-09-06,-1361.2,2095446.1499999987
2023-09-08,-236.5,2095209.6499999987
2023-09-10,4824.5,2100034.1499999985
2023-09-11,16.01,2100050.1599999988
2023-09-13,-2558.12,2097492.0399999986
2023-09-14,1668.52,2099160.5599999987
2023-09-15,1638.36,2100798.919999999
2023-09-17,1066.07,2101864.989999999
2023-09-18,-901.53,2100963.459999999
2023-09-19,431.9,2101395.3599999985
2023-09-20,3842.08,2105237.4399999985
2023-09-21,-7185.11,2098052.3299999987
2023-09-22,2895.87,2100948.199999999
2023-09-24,235.87,2101184.069999999
2023-09-25,-2054.7,2099129.369999999
2023-09-26,3681.05,2102810.419999999
2023-09-27,211.48,2103021.899999999
2023-09-28,-169.16,2102852.7399999993
2023-09-29,53.76,2102906.499999999
2023-10-01,1777.11,2104683.6099999994
2023-10-02,2791.72,2107475.329999999
2023-10-03,-1590.45,2105884.879999999
2023-10-04,-1915.95,2103968.9299999992
2023-10-05,4685.01,2108653.9399999995
2023-10-07,-2326.11,2106327.829999999
2023-10-08,2494.04,2108821.869999999
2023-10-09,41.13,2108862.999999999
2023-10-10,3545.71,2112408.709999999
2023-10-11,303.22,2112711.929999999
2023-10-12,1881.24,2114593.169999999
2023-10-13,1028.28,2115621.4499999993
2023-10-16,965.92,2116587.369999999
2023-10-17,177.65,2116765.0199999986
2023-10-18,-4341.39,2112423.629999999
2023-10-19,943.08,2113366.709999999
2023-10-20,-1345.86,2112020.8499999987
2023-10-22,625.54,2112646.3899999987
2023-10-23,3128.98,2115775.369999999
2023-10-24,2705.8,2118481.169999999
2023-10-25,1800.88,2120282.049999999
2023-10-26,-1886.37,2118395.679999999
2023-10-27,-612.75,2117782.929999999
2023-10-30,45.4,2117828.3299999987
2023-10-31,1434.53,2119262.8599999985
2023-11-01,1209.06,2120471.919999999
2023-11-04,2787.07,2123258.989999999
2023-11-05,-3117.68,2120141.3099999987
2023-11-06,-1205.36,2118935.949999999
2023-11-07,22.67,2118958.6199999987
2023-11-08,-1097.06,2117861.5599999987
2023-11-09,444.94,2118306.4999999986
2023-11-10,-6878.88,2111427.6199999987
2023-11-12,1817.45,2113245.0699999984
2023-11-13,3893.95,2117139.0199999986
2023-11-14,-6691.36,2110447.6599999983
2023-11-15,-2217.32,2108230.3399999985
2023-11-16,556.29,2108786.6299999985
2023-11-17,-1423.52,2107363.1099999985
2023-11-19,-6452.07,2100911.039999998
2023-11-20,-3409.63,2097501.4099999983
2023-11-21,-1397.63,2096103.7799999986
2023-11-22,159.39,2096263.1699999985
2023-11-23,-319.12,2095944.0499999984
2023-11-24,208.82,2096152.8699999985
2023-11-26,1500.94,2097653.8099999987
2023-11-27,682.02,2098335.829999998
2023-11-28,-1675.26,2096660.5699999984
2023-11-29,-1934.97,2094725.5999999985
2023-11-30,1071.75,2095797.3499999985
2023-12-01,4769.47,2100566.8199999984
2023-12-02,0.0,2100566.8199999984
2023-12-03,5865.42,2106432.2399999984
2023-12-04,694.88,2107127.1199999982
2023-12-05,23.34,2107150.459999998
2023-12-06,1366.43,2108516.8899999983
2023-12-07,-87.8,2108429.089999998
2023-12-09,965.41,2109394.499999998
2023-12-10,-5344.31,2104050.189999998
2023-12-11,778.15,2104828.339999998
2023-12-12,-2200.2,2102628.139999998
2023-12-13,-2882.95,2099745.189999998
2023-12-14,3000.46,2102745.649999998
2023-12-15,1768.84,2104514.4899999984
2023-12-18,976.91,2105491.399999998
2023-12-19,0.0,2105491.399999998
2023-12-20,1396.63,2106888.029999998
2023-12-21,7323.25,2114211.279999998
2023-12-22,655.35,2114866.629999998
2023-12-24,-2350.99,2112515.639999998
2023-12-25,14571.51,2127087.149999998
2023-12-27,-1364.24,2125722.9099999983
2023-12-28,-7609.5,2118113.4099999983
2023-12-29,-3216.17,2114897.2399999984
2024-01-01,-6010.36,2108886.879999998
2024-01-02,7948.1,2116834.979999998
2024-01-03,50.36,2116885.339999998
2024-01-04,-4443.18,2112442.1599999983
2024-01-05,-1461.88,2110980.2799999984
2024-01-07,1114.7,2112094.9799999986
2024-01-08,-748.18,2111346.7999999984
2024-01-09,1416.68,2112763.4799999986
2024-01-10,-5757.86,2107005.6199999982
2024-01-11,-2105.96,2104899.6599999983
2024-01-12,0.0,2104899.6599999983
2024-01-14,-1961.04,2102938.6199999982
2024-01-15,1170.07,2104108.6899999985
2024-01-16,1633.98,2105742.669999998
2024-01-17,-1606.92,2104135.749999998
2024-01-18,-259.41,2103876.3399999985
2024-01-19,145.01,2104021.3499999987
2024-01-21,329.04,2104350.3899999987
2024-01-22,-686.47,2103663.9199999985
2024-01-23,-39.37,2103624.5499999984
2024-01-24,-436.2,2103188.3499999987
2024-01-25,-1021.26,2102167.0899999985
2024-01-26,-1253.34,2100913.749999998
2024-01-28,3747.47,2104661.2199999983
2024-01-29,963.85,2105625.0699999984
2024-01-30,880.83,2106505.8999999985
2024-01-31,1755.83,2108261.7299999986
2024-02-01,-480.45,2107781.2799999984
2024-02-02,-2722.02,2105059.259999999
2024-02-04,-2273.17,2102786.089999999
2024-02-05,-2479.79,2100306.299999999
2024-02-06,581.54,2100887.839999999
2024-02-07,-63.98,2100823.8599999985
2024-02-08,2399.96,2103223.8199999984
2024-02-09,-1485.55,2101738.2699999986
2024-02-10,268.76,2102007.0299999984
2024-02-12,2181.92,2104188.9499999983
2024-02-13,3811.26,2108000.2099999986
2024-02-14,1578.23,2109578.4399999985
2024-02-15,5287.75,2114866.1899999985
2024-02-16,-4493.0,2110373.1899999985
2024-02-18,368.72,2110741.9099999983
2024-02-19,-359.93,2110381.9799999986
2024-02-20,23.15,2110405.1299999985
2024-02-21,2441.67,2112846.7999999984
2024-02-22,421.42,2113268.2199999983
2024-02-23,512.82,2113781.039999998
2024-02-25,-1825.78,2111955.2599999984
2024-02-26,-120.15,2111835.1099999985
2024-02-27,-2320.26,2109514.8499999987
2024-02-28,573.23,2110088.079999998
2024-02-29,-3436.88,2106651.1999999983
2024-03-01,3027.81,2109679.009999999
2024-03-03,159.77,2109838.7799999984
2024-03-04,444.95,2110283.7299999986
2024-03-05,-5013.95,2105269.7799999984
2024-03-06,-162.49,2105107.2899999986
2024-03-07,-1516.02,2103591.2699999986
2024-03-09,1057.1,2104648.3699999987
2024-03-10,3653.83,2108302.199999999
2024-03-11,10318.99,2118621.1899999985
2024-03-12,-2004.78,2116616.4099999988
2024-03-13,-618.66,2115997.749999999
2024-03-14,-362.47,2115635.279999999
2024-03-15,-772.67,2114862.609999999
2024-03-18,838.5,2115701.109999999
2024-03-19,914.32,2116615.429999999
2024-03-20,2424.27,2119039.6999999993
2024-03-21,-987.15,2118052.549999999
2024-03-22,2852.82,2120905.369999999
2024-03-24,3378.72,2124284.089999999
2024-03-25,-2847.33,2121436.759999999
2024-03-26,916.86,2122353.619999999
2024-03-27,-4169.6,2118184.019999999
2024-03-28,55.83,2118239.849999999
2024-03-29,307.65,2118547.499999999
2024-04-01,87.92,2118635.419999999
2024-04-02,-471.4,2118164.019999999
2024-04-03,1043.9,2119207.919999999
2024-04-04,1516.44,2120724.359999999
2024-04-06,133.45,2120857.8099999987
2024-04-08,-4925.29,2115932.5199999986
2024-04-09,6847.73,2122780.249999999
2024-04-10,-3254.08,2119526.169999999
2024-04-11,4483.27,2124009.4399999985
2024-04-12,1312.97,2125322.4099999988
2024-04-14,2543.36,2127865.7699999986
2024-04-15,388.78,2128254.549999999
2024-04-16,5979.16,2134233.709999999
2024-04-17,3346.3,2137580.009999999
2024-04-18,11752.1,2149332.109999999
2024-04-21,-2649.86,2146682.249999999
2024-04-22,627.75,2147309.999999999
2024-04-23,0.0,2147309.999999999
2024-04-24,1008.01,2148318.009999999
2024-04-25,3638.95,2151956.959999999
2024-04-26,526.68,2152483.6399999987
2024-04-28,3637.26,2156120.8999999985
2024-04-29,362.92,2156483.8199999984
2024-04-30,8484.94,2164968.759999999
2024-05-01,5685.73,2170654.4899999984
2024-05-02,-11857.65,2158796.839999999
2024-05-03,3114.59,2161911.429999999
2024-05-04,-266.58,2161644.8499999987
2024-05-05,373.11,2162017.959999999
2024-05-06,921.54,2162939.499999999
2024-05-07,191.64,2163131.1399999987
2024-05-08,-5391.95,2157739.1899999985
2024-05-09,2783.7,2160522.8899999987
2024-05-11,-5960.37,2154562.5199999986
2024-05-12,-2458.25,2152104.2699999986
2024-05-13,-1018.07,2151086.1999999983
2024-05-14,-1743.59,2149342.6099999985
2024-05-15,-884.77,2148457.8399999985
2024-05-16,-3698.76,2144759.079999998
2024-05-17,1852.16,2146611.2399999984
2024-05-20,191.0,2146802.2399999984
2024-05-21,-1103.77,2145698.4699999983
2024-05-22,2094.06,2147792.5299999984
2024-05-23,1838.05,2149630.579999998
2024-05-24,-1616.67,2148013.9099999983
2024-05-26,0.0,2148013.9099999983
2024-05-27,181.93,2148195.8399999985
2024-05-28,-3474.35,2144721.4899999984
2024-05-29,426.64,2145148.129999998
2024-05-30,1057.76,2146205.8899999983
2024-05-31,-2520.75,2143685.1399999983
2024-06-03,-3526.0,2140159.1399999983
2024-06-05,187.68,2140346.8199999984
2024-06-06,3087.13,2143433.9499999983
2024-06-08,-2070.26,2141363.689999998
2024-06-09,4520.33,2145884.019999998
2024-06-11,-4602.69,2141281.329999998
2024-06-12,238.38,2141519.709999998
2024-06-13,-9332.16,2132187.549999998
2024-06-14,687.07,2132874.6199999982
2024-06-17,330.37,2133204.9899999984
2024-06-18,-19.44,2133185.5499999984
2024-06-19,5330.88,2138516.4299999983
2024-06-20,-208.53,2138307.8999999985
2024-06-21,-230.31,2138077.589999998
2024-06-23,1670.92,2139748.509999998
2024-06-24,4807.88,2144556.389999998
2024-06-25,1832.38,2146388.7699999977
2024-06-26,5065.36,2151454.129999998
2024-06-27,-1448.02,2150006.109999998
2024-06-28,-398.23,2149607.879999998
2024-07-01,2016.9,2151624.779999998
2024-07-02,-754.92,2150869.859999998
2024-07-03,3034.76,2153904.6199999982
2024-07-05,2323.48,2156228.0999999978
2024-07-06,3443.6,2159671.6999999983
2024-07-07,1745.13,2161416.829999998
2024-07-08,53.95,2161470.779999998
2024-07-10,-1079.43,2160391.3499999978
2024-07-11,-3842.09,2156549.259999998
2024-07-14,-9707.59,2146841.669999998
2024-07-15,-4292.57,2142549.0999999978
2024-07-16,-100.63,2142448.469999998
2024-07-17,2154.48,2144602.949999998
2024-07-18,-3275.58,2141327.369999998
2024-07-19,347.34,2141674.709999998
2024-07-21,324.08,2141998.789999998
2024-07-22,-2151.92,2139846.8699999982
2024-07-23,-9155.69,2130691.179999998
2024-07-24,-6006.46,2124684.719999998
2024-07-25,532.41,2125217.129999998
2024-07-26,0.0,2125217.129999998
2024-07-29,13030.6,2138247.729999998
2024-07-30,797.73,2139045.459999998
2024-07-31,4297.82,2143343.2799999984
2024-08-01,3735.03,2147078.309999998
2024-08-02,1270.82,2148349.129999998
2024-08-03,-97.64,2148251.4899999984
2024-08-04,486.78,2148738.2699999986
2024-08-05,1858.21,2150596.4799999986
2024-08-07,2138.93,2152735.4099999983
2024-08-08,5037.13,2157772.539999998
2024-08-09,0.0,2157772.539999998
2024-08-10,1090.97,2158863.509999998
2024-08-13,113.71,2158977.219999998
2024-08-14,5031.17,2164008.389999998
2024-08-15,-470.04,2163538.3499999978
2024-08-16,-3793.39,2159744.959999998
2024-08-18,885.61,2160630.5699999984
2024-08-19,693.71,2161324.2799999984
2024-08-20,-3131.11,2158193.169999998
2024-08-21,1914.6,2160107.769999998
2024-08-22,685.02,2160792.789999998
2024-08-23,3248.15,2164040.939999998
2024-08-26,2094.23,2166135.169999998
2024-08-27,178.66,2166313.829999998
2024-08-28,-105.56,2166208.2699999977
2024-08-29,-4112.09,2162096.179999998
2024-08-30,2348.01,2164444.1899999976
2024-09-01,-598.92,2163845.2699999977
2024-09-02,1711.84,2165557.109999998
2024-09-04,1656.62,2167213.729999998
2024-09-05,-25.51,2167188.219999998
2024-09-06,-353.04,2166835.179999998
2024-09-07,116.26,2166951.439999998
2024-09-08,-38.02,2166913.419999998
2024-09-09,1290.53,2168203.9499999983
2024-09-10,1805.52,2170009.469999998
2024-09-12,-215.02,2169794.4499999983
2024-09-13,658.2,2170452.649999998
2024-09-16,-7403.77,2163048.879999998
2024-09-17,-128.96,2162919.919999998
2024-09-18,-7187.0,2155732.919999998
2024-09-19,2495.09,2158228.009999998
2024-09-20,317.93,2158545.939999998
2024-09-23,5905.23,2164451.169999998
2024-09-24,3778.63,2168229.799999998
2024-09-25,120.9,2168350.699999998
2024-09-26,2196.26,2170546.959999998
2024-09-27,-292.44,2170254.5199999977
2024-09-29,837.08,2171091.5999999978
2024-09-30,-6259.76,2164831.839999998
2024-10-01,157.77,2164989.609999998
2024-10-03,548.97,2165538.579999998
2024-10-04,-5542.35,2159996.2299999977
2024-10-05,2821.05,2162817.279999998
2024-10-06,-1410.11,2161407.169999998
2024-10-07,555.7,2161962.869999998
2024-10-09,6945.09,2168907.959999998
2024-10-10,443.06,2169351.0199999977
2024-10-11,-1027.84,2168323.179999998
2024-10-12,-3793.58,2164529.5999999978
2024-10-13,1364.47,2165894.0699999975
2024-10-14,641.43,2166535.4999999977
2024-10-15,5587.13,2172122.6299999976
2024-10-16,1679.15,2173801.7799999975
2024-10-17,3085.05,2176886.8299999973
2024-10-18,-1482.68,2175404.1499999976
2024-10-21,-4502.3,2170901.8499999978
2024-10-22,5733.82,2176635.6699999976
2024-10-23,-3871.74,2172763.929999998
2024-10-24,278.9,2173042.8299999973
2024-10-25,4006.03,2177048.8599999975
2024-10-28,2556.1,2179604.9599999976
2024-10-29,320.95,2179925.9099999974
2024-10-30,6449.54,2186375.4499999974
2024-10-31,6918.68,2193294.1299999976
2024-11-01,-852.62,2192441.5099999974
2024-11-02,495.55,2192937.0599999977
2024-11-03,1125.65,2194062.709999997
2024-11-04,-406.33,2193656.379999997
2024-11-06,1144.88,2194801.259999997
2024-11-07,9537.41,2204338.669999997
2024-11-08,-608.91,2203729.759999997
2024-11-09,-5791.07,2197938.689999997
2024-11-10,3233.69,2201172.379999997
2024-11-12,2267.52,2203439.899999997
2024-11-13,738.88,2204178.779999997
2024-11-14,-4850.81,2199327.969999997
2024-11-15,3981.82,2203309.7899999972
2024-11-18,2958.78,2206268.569999997
2024-11-19,4891.86,2211160.429999997
2024-11-20,-785.59,2210374.839999997
2024-11-21,5083.78,2215458.6199999973
2024-11-22,2054.89,2217513.509999997
2024-11-24,3681.09,2221194.599999997
2024-11-25,3718.47,2224913.069999997
2024-11-26,-1662.72,2223250.349999997
2024-11-27,545.4,2223795.749999997
2024-11-28,4135.5,2227931.249999997
2024-11-29,3111.92,2231043.169999997
2024-12-01,26.62,2231069.7899999972
2024-12-02,4714.82,2235784.609999997
2024-12-03,-1934.52,2233850.089999997
2024-12-04,-1370.1,2232479.989999997
2024-12-05,1817.14,2234297.129999997
2024-12-06,3557.13,2237854.259999997
2024-12-07,131.11,2237985.369999997
2024-12-08,4969.1,2242954.469999997
2024-12-09,0.0,2242954.469999997
2024-12-11,-705.42,2242249.049999997
2024-12-12,-1425.82,2240823.2299999967
2024-12-13,357.39,2241180.619999997
2024-12-15,592.8,2241773.419999997
2024-12-16,703.03,2242476.449999997
2024-12-17,-10777.63,2231698.819999997
2024-12-18,4589.83,2236288.649999997
2024-12-19,3107.16,2239395.809999997
2024-12-20,1894.72,2241290.529999997
2024-12-22,3627.9,2244918.429999997
2024-12-23,2692.91,2247611.339999997
2024-12-24,9603.32,2257214.659999997
2024-12-25,30504.04,2287718.699999997
2024-12-26,217.36,2287936.059999997
2024-12-27,2601.06,2290537.1199999973
2024-12-29,139.51,2290676.629999997
2024-12-30,303.2,2290979.8299999973
2024-12-31,2636.09,2293615.919999997
2025-01-01,194.17,2293810.089999997
2025-01-04,2030.09,2295840.179999997
2025-01-13,-13.69,2295826.4899999974
2025-01-15,410.72,2296237.209999997
2025-01-16,284.16,2296521.3699999973
2025-01-17,2229.64,2298751.009999997
2025-01-19,-324.69,2298426.319999997
2025-01-20,5684.11,2304110.429999997
2025-01-21,-1516.09,2302594.339999997
2025-01-23,3080.4,2305674.739999997
2025-01-24,2431.63,2308106.369999997
2025-01-26,-3325.75,2304780.619999997
2025-01-27,-383.33,2304397.289999997
2025-01-28,290.83,2304688.119999997
2025-01-29,787.9,2305476.0199999968
2025-01-30,6272.75,2311748.7699999968
2025-01-31,7027.99,2318776.759999997
2025-02-01,-4598.59,2314178.1699999967
2025-02-02,14792.74,2328970.9099999964
2025-02-03,1179.75,2330150.6599999964
2025-02-04,-12349.06,2317801.599999997
2025-02-13,-3365.09,2314436.5099999965
2025-02-14,2647.21,2317083.7199999965
2025-02-16,755.03,2317838.7499999963
2025-02-17,35.58,2317874.3299999963
2025-02-18,6037.3,2323911.6299999966
2025-02-19,587.43,2324499.059999997
2025-02-20,-1651.74,2322847.3199999966
2025-02-21,-10149.96,2312697.3599999966
2025-02-23,-1997.22,2310700.139999997
2025-02-24,598.47,2311298.6099999966
2025-02-25,-1133.41,2310165.1999999965
2025-02-26,805.25,2310970.4499999965
2025-02-27,2549.99,2313520.4399999967
2025-02-28,1482.71,2315003.1499999966
2025-03-01,651.15,2315654.2999999966
2025-03-02,347.18,2316001.4799999967
2025-03-03,-9912.34,2306089.1399999964
2025-03-04,-11590.38,2294498.7599999965
2025-03-13,503.79,2295002.5499999966
2025-03-17,438.5,2295441.0499999966
2025-03-18,-7064.4,2288376.6499999966
2025-03-19,4801.89,2293178.5399999963
2025-03-20,-564.41,2292614.1299999966
2025-03-21,2016.41,2294630.5399999963
2025-03-23,85.03,2294715.5699999966
2025-03-24,2046.1,2296761.6699999967
2025-03-25,695.11,2297456.7799999965
2025-03-26,0.0,2297456.7799999965
2025-03-27,680.67,2298137.4499999965
2025-03-28,-1191.06,2296946.389999997
2025-03-30,250.9,2297197.2899999963
2025-03-31,14222.13,2311419.419999996
2025-04-02,1953.11,2313372.5299999965
2025-04-03,-10861.34,2302511.1899999967
2025-04-04,-7896.34,2294614.8499999964
2025-04-13,-5228.23,2289386.6199999964
2025-04-14,-1096.61,2288290.009999996
2025-04-15,-1354.18,2286935.8299999963
2025-04-16,-2010.92,2284924.9099999964
2025-04-17,-590.89,2284334.0199999968
2025-04-18,0.0,2284334.0199999968
2025-04-20,-268.95,2284065.0699999966
2025-04-21,2669.27,2286734.3399999966
2025-04-22,-1530.52,2285203.8199999966
2025-04-23,737.35,2285941.1699999967
2025-05-01,1382.61,2287323.7799999965
2025-05-02,3885.46,2291209.2399999965
2025-05-03,1104.71,2292313.9499999965
2025-06-01,4111.01,2296424.9599999967
2025-06-02,3060.11,2299485.0699999966
2025-06-03,-9150.66,2290334.409999997
2025-06-04,17197.73,2307532.139999997
2025-07-01,227.74,2307759.879999997
2025-07-02,1780.55,2309540.429999997
2025-07-03,2812.12,2312352.549999997
2025-07-04,9698.58,2322051.129999997
2025-08-01,-1687.4,2320363.729999997
2025-08-04,12721.61,2333085.339999997
2025-09-01,2421.19,2335506.5299999975
2025-09-02,2695.92,2338202.4499999974
2025-09-03,606.58,2338809.0299999975
2025-09-04,-10253.91,2328555.1199999973
2025-10-01,2976.15,2331531.269999997
2025-10-02,1937.9,2333469.169999997
2025-10-03,1608.99,2335078.1599999974
2025-10-04,-1663.72,2333414.439999997
2025-11-02,2396.38,2335810.819999997
2025-11-03,-7938.64,2327872.179999997
2025-11-04,-3447.38,2324424.799999997
2025-12-01,-385.46,2324039.339999997
2025-12-02,8123.71,2332163.049999997
2025-12-03,-4985.09,2327177.959999997
